Name,marketcap,earnings,revenue
Microsoft,2949351473152,105264000000,236584000000
Apple,2685423583232,121416000000,385706000000
NVIDIA,2189999996928,34075000000,60922000000
Alphabet (Google),2054749159424,86025000000,307394000000
Saudi Aramco,1942885308662,236964000000,495345561932
Amazon,1869365248000,40739000000,574785000000
Meta Platforms (Facebook),1106409029632,54821000000,142711000000
Berkshire Hathaway,862347460608,125169000000,439337000000
Eli Lilly,734253285376,6554600000,34124100000
TSMC,720423813120,37329700000,73867987262
Broadcom,617839788032,14741000000,38865000000
Tesla,588375523328,8929000000,94745000000
Novo Nordisk,572124102656,15429400000,33813908390
JPMorgan Chase,556323831808,61612000000,155291000000
Visa,552815296512,22337000000,34141000000
Walmart,479073894400,24531000000,648125000000
Exxon Mobil,470953132032,52783000000,334697000000
UnitedHealth,444766650368,29112000000,371622000000
Mastercard,422428311552,13639000000,25098000000
LVMH,421044142335,23910400000,95249309011
Tencent,415116918784,35419900000,85008143971
Procter & Gamble,382838341632,20069000000,84060000000
Samsung,374201746982,8344220000,196777458586
ASML,356165615616,10066400000,30002193551
Johnson & Johnson,350839865344,16972000000,93022000000
Home Depot,330954801152,21867000000,152669000000
Merck,329217900544,3035000000,60114000000
Costco,319175458816,9248000000,248828000000
Oracle,314374553600,14660000000,52510000000
Toyota,306410061824,43039800000,307489866616
Chevron,302440579072,30053000000,196913000000
Kweichow Moutai,295847967344,14664600000,21283225746
Bank of America,295361609728,28342000000,98581000000
AbbVie,286756765696,6250000000,54318000000
Coca-Cola,265677078528,14479000000,45754000000
Nestlé,265074025224,15109000000,111031817679
Salesforce,264412299264,4950000000,34857000000
AMD,259325837312,598000000,22680000000
Hermès,258197438799,6456610000,14844665561
L'Oréal,251714527619,8845770000,45530679934
PetroChina,249488262980,36907500000,424783133772
ICBC,248794411478,59576400000,118322183436
Pepsico,241206902784,12321000000,91875000000
International Holding Company,238629519390,2257560000,7747610359
Reliance Industries,238082148531,12625400000,108626243510
Netflix,237941374976,8098780000,34932234000
AstraZeneca,233850699776,9081000000,47611000000
Shell,230813564928,32627000000,316619000000
Thermo Fisher Scientific,218937786368,6298000000,42857000000
SAP,215273504768,4934670000,34433027669
Linde,212319633408,8401000000,32854000000
Adobe,210483838976,6277000000,19936000000
Wells Fargo,209295425536,21636000000,82597000000
Agricultural Bank of China,208023933786,43416200000,98098932462
Walt Disney,204469420032,7903000000,88935000000
Novartis,198633078784,9827000000,49924000000
McDonald,196524343296,10522200000,25493700000
China Mobile,195894612412,23979900000,142377505172
Roche,195060407865,16745600000,71888614930
T-Mobile US,191357239296,14334000000,78558000000
Cisco,191061032960,16482000000,57233000000
Accenture,189170368512,9356610000,64573602000
QUALCOMM,186969063424,8736000000,36292000000
Abbott Laboratories,184814026752,6664000000,40109000000
Danaher,182201597952,4800000000,22519000000
Alibaba,182145040384,17302000000,130804370622
General Electric,179111051264,6692000000,69520000000
Intuit,177148313600,3618000000,15094000000
Pinduoduo,175144730624,10120400000,34871303385
Bank of China,172604946642,41744200000,87831511502
American Express,170618667008,11491000000,61978000000
TotalEnergies,170213261312,36964000000,218945000000
Caterpillar,169163948032,13561000000,67060000000
Applied Materials,167795507200,8369000000,26485000000
Verizon,166897598464,16562000000,134043000000
China Construction Bank,166370354411,54987900000,108533553936
Tata Consultancy Services,165784633848,7568620000,29046752308
HSBC,165098242048,30348000000,65938000000
Texas Instruments,162775973888,7166000000,16801000000
IBM,151716708352,8690000000,61859000000
ConocoPhillips,149889089536,16288000000,56141000000
Comcast,149686501376,20340000000,121939000000
Siemens,149093276004,13289300000,84659305385
Morgan Stanley,148218527744,11813000000,50667000000
Prosus,147687986865,6219000000,2628000000
HDFC Bank,147430506496,9242030000,20391946583
Philip Morris,147247923200,11976000000,35174000000
Amgen,146768560128,7855000000,28190000000
Union Pacific Corporation,145535451136,8231000000,24094000000
Pfizer,145442324480,3267000000,58497000000
ServiceNow,144421535744,1032000000,8971000000
Inditex,142889926656,7460870000,39073379594
Dior,142325739145,21522300000,84802887344
Uber,141357383680,2321000000,37281000000
BHP Group,141303120000,23550000000,53817000000
Nike,140304973824,5986000000,51581000000
Goldman Sachs,139275632640,10739000000,46254000000
Royal Bank Of Canada,137713876992,12944400000,40489146783
Nextera Energy,137565978624,9745000000,27130000000
Raytheon Technologies,135583432704,5570000000,71011000000
Charles Schwab,135486423040,6378000000,18837000000
Intel,133631524864,1640000000,54228000000
Airbus,132346523812,6010900000,71148721992
Intuitive Surgical,131542712320,1848600000,7318500000
Lowe's Companies,131054854144,11659000000,86376000000
Unilever,129901469696,8072460000,58202215428
Schneider Electric,129828869049,5973470000,39692647872
S&P Global,128820936704,4265000000,12828000000
Stryker Corporation,128163233792,3673000000,20498000000
CNOOC,128146735432,25279800000,60807616051
Micron Technology,127181438976,-3672000000,18312000000
Eaton,126813749248,3827000000,23196000000
United Parcel Service,126136311808,8573000000,90958000000
Honeywell,125548658688,8063000000,36903000000
Commonwealth Bank,125049335247,9494650000,17945374146
Sanofi,123948744704,8395340000,50359912918
CATL,123107016936,8216310000,54613879630
Elevance Health,122981662720,9079000000,171745000000
Al-Mazaya Holding Company,121990674137,13092400,51841729
Progressive,121788178432,5172100000,62082300000
AT&T,121208856576,19848000000,122428000000
Lam Research,119341039616,3915220000,14317147000
Booking Holdings (Booking.com),118695780352,5481000000,21365000000
Citigroup,118411395072,12910000000,79490000000
Anheuser-Busch Inbev,118093668352,9128000000,59380000000
CM Bank,117876072827,24937200000,47313654639
Mitsubishi UFJ Financial,117824823296,18039600000,39834296070
Alony Hetz,116871134377,-423599000,504911415
Deutsche Telekom,114685971538,12915400000,120413978460
BlackRock,112788340736,7447000000,17859000000
Allianz,111869412833,13058700000,104297192691
Lockheed Martin,111532777472,7939000000,69640000000
Rio Tinto,111306006528,15742000000,54041000000
Deere & Company,109620166656,15518000000,59698000000
Petrobras,109470687232,157386000000,401024815401
BP,109429866496,27624000000,210130000000
Keyence,108570445174,3596760000,6691533661
TJX Companies,107077877760,5542920000,52326232000
Medtronic,106889510912,6235000000,32320000000
Boeing,106625515520,-1887000000,76442000000
Arm Holdings,105681477632,46000000,2938000000
Boston Scientific,105590267904,1985000000,14240000000
China Shenhua Energy,104906139150,12715100000,48439909006
Toronto Dominion Bank,104511299584,10483100000,39655574190
Air Liquide,103547125874,4594030000,30522498618
Tokyo Electron,103524791334,3351800000,13047631684
Vertex Pharmaceuticals,101971124224,4423900000,9869200000
Airbnb,101865955328,2185000000,9917000000
Cigna,101127249920,6959000000,195187000000
Sony,100957675520,7968020000,88972241182
Chubb,100946763776,9526000000,49826000000
Analog Devices,100448641024,3329280000,11568613000
Starbucks,100190150656,6206600000,36687000000
Sinopec,100138186039,15551300000,473538767624
Automatic Data Processing,99924910080,4606200000,17673900000
Regeneron Pharmaceuticals,98672664576,4199300000,13117200000
China Life Insurance,98166547845,1796810000,117864907755
ICICI Bank,98016714752,5686980000,18630505378
EssilorLuxottica,97936075669,3355440000,28076285240
Marsh & McLennan Companies,97682530304,5233000000,23285000000
Mondelez,97125113856,5880000000,36016000000
Ping An Insurance,95739409284,16272900000,110827882393
Prologis,95445254144,4272680000,8211503000
Mitsubishi Corporation,94938289709,9479900000,141171175704
Palo Alto Networks,94836310016,876000000,7527400000
KLA,94778482688,3119170000,9671427000
Bharti Airtel,94335869350,1804440000,17961432293
Maytronics,93899407432,52661700,515405376
Shopify,92169248768,185000000,7060000000
Southern Copper,91575238656,3955900000,9895800000
ABB,91217128123,4847000000,32246000000
NTT (Nippon Telegraph &amp; Telephone),90833182720,12909200000,93781707670
Safran,90351946832,3127690000,25648424544
Bristol-Myers Squibb,90175545344,-5846000000,45534000000
Fiserv,89992429568,4099000000,19429000000
Dell,89280856064,5388000000,88425000000
State Bank of India,88435853334,10398800000,37617915054
CSL,87266800699,2663000000,13174000000
China Yangtze Power,87164328389,4005390000,9706164727
Partner Communications,87101591687,78915200,912327034
Chipotle Mexican Grill,87012286464,1704930000,10204917000
UBS,86944284672,29728000000,39439000000
SK Hynix,86915714390,-9950610000,22237017350
Meituan,86863198045,1695280000,37296614879
Hitachi,86267654681,7674070000,70513014443
Blackstone Group,86011860000,2957710000,7006649000
Barloworld,85643580000,155833000,2385058689
GlaxoSmithKline,85541666816,7535020000,37849046031
Al Rajhi Bank,85260771248,4944330000,7320382801
CVS Health,85252571136,13831000000,357776000000
BYD,84704818326,5497430000,84896058969
Waste Management,84610465792,3704000000,20693000000
KKR & Co.,83699032064,6554610000,14360028000
AIA,83044057707,4564000000,20697000000
Atlas Copco,82793894630,3494170000,16546430906
Life Healthcare Group,82773380900,131838000,1199256324
Compagnie Financière Richemont,82573080830,5502490000,21758047632
Canadian Natural Resources,82282708992,7582160000,30468848173
Porsche,82263300000,8210600000,43985504422
Synopsys,82197569536,1489900000,6130509000
Arista Networks,82027569152,2422030000,5860168000
HCA Healthcare,81858101248,9644000000,64968000000
BNP Paribas,81816609917,14780500000,65428293094
Gilead Sciences,81346084864,6859000000,27115000000
Fast Retailing,81151842930,3473260000,19847406306
Mercedes-Benz,81100958062,22648500000,166284894808
Southern Company,80783695872,4346000000,25253000000
American Tower,80765747200,2919500000,11144200000
Wuliangye Yibin,80655085315,5858970000,11528118806
General Dynamics,78931779584,4481000000,43122000000
Equinor,78888861696,37884000000,106848000000
Shin-Etsu Chemical,78742776391,5864550000,17427533803
AXA,78412613948,7365800000,134681478334
ACWA POWER Company,78171213172,489676000,1626428580
Canadian National Railway,77823909888,5296810000,12518586809
RELX,77792165888,3303430000,11661952324
National International Holding Company (Kuwait),77701053442,8587320,18059739
Pick n Pay Stores,77523940800,92904200,5797631477
EOG Resources,77516103680,9837000000,23182000000
Iberdrola,77432225876,9490090000,50395442412
Diageo,77250641920,-881883000,16233499637
Sherwin-Williams,76897370112,3109900000,23051900000
Santander,76218458112,17840700000,61617302569
Investor AB,75985327001,15419200000,20432950742
Enbridge,75952390144,5898210000,32589173763
Cadence Design Systems,75915862016,1306100000,4077399000
Duke Energy,75795939328,7781000000,29060000000
Altria Group,75343839232,12362000000,20456000000
CME Group,75235049472,4313000000,5578900000
Colgate-Palmolive,74939080704,3679000000,19457000000
Sumitomo Mitsui Financial Group,74796146688,7996170000,28000782196
Ferrari,74636484608,1736870000,6475463555
Intercontinental Exchange,74562969600,3702000000,9903000000
MercadoLibre,74536583168,1553000000,14473000000
Target,74410573824,5297000000,107412000000
Bank Central Asia,74326010686,3951850000,6692901478
Life Insurance Corporation of India (LIC),74192226540,4916320000,99331064528
Canadian Pacific Railway,73988472832,-2284880000,10310696322
SoftBank,73879444978,859984000,47236775274
Illinois Tool Works,73574916096,4089000000,16107000000
Amphenol,73378799616,2454700000,12554600000
Trane Technologies,73179832320,2801800000,17677500000
Freeport-McMoRan,72957599744,6006000000,22855000000
DBS Group,72909299435,8495260000,15031278309
Mitsui Bussan,72836511278,10083700000,93577752933
Zoetis,72773378048,2936000000,8544000000
PayPal,72276262912,5411000000,29771000000
China Telecom,71848544019,5085280000,69420428058
CrowdStrike,71847182336,122817000,3055555000
Northrop Grumman,71825678336,2479000000,40122000000
Glencore,71712145408,22879000000,255984000000
Parker-Hannifin,70703095808,3348180000,19826043000
McKesson,70441254912,3551000000,301506000000
Infosys,70205267968,4043000000,18553000000
Zurich Insurance Group,70122084303,6221000000,67336000000
TransDigm,69685256192,2881000000,6585000000
BMW,69669096263,19259800000,168773124860
Schlumberger,69515952128,5977000000,34106000000
Cellcom Israel,69457790491,91612400,1198550362
Merck KGaA,69418137781,3773790000,22776131391
Intesa Sanpaolo,69267517908,11639200000,28128984075
National Australia Bank,68826643978,6726880000,13279947472
Thomson Reuters,68763238400,1988000000,6794000000
Walmex,68738424832,4565010000,53312272764
Marriott International,68305854464,3944000000,23713000000
Volkswagen,68128005351,25158500000,349787108889
Recruit,67871545379,2870580000,23958699374
Marathon Petroleum,67797217280,15254000000,148379000000
Moody's,67691253760,2130000000,5726000000
SABIC,67627050342,1697780000,39456438405
Becton Dickinson,67497619456,1540000000,19492000000
Enel,67445748475,12678100000,105035834764
Equinix,67444617216,1526250000,8188136000
Cintas,67435859968,1892370000,9410151000
Vinci,67292683031,9059150000,77263681592
Foxconn Industrial Internet,67223052306,3606920000,67230804240
Midea,67198384423,5670710000,52724403380
Stellantis,66826526720,2786440000,101327331783
Nongfu Spring,66445132955,1613240000,4819438733
Foxconn (Hon Hai Precision Industry),66388126977,6160130000,198326873516
LG Energy Solution,65953700810,1823060000,26231583801
British American Tobacco,65779982336,7618950000,21649298047
Itōchū Shōji,65518948379,7230990000,97658345368
CSX Corporation,65499934720,4772000000,14632000000
Daiichi Sankyō,65497113758,1383210000,10584051473
Ecolab,65379495936,2104400000,15320200000
NXP Semiconductors,65255567360,3790000000,13276000000
ITC,65229417102,3293600000,8463270920
Bank of Montreal,65212067840,5087930000,24983423033
FedEx,64844804096,6819000000,87514000000
Workday,64798711808,470000000,7259000000
U.S. Bancorp,63975596032,6865000000,28013000000
Telkom SA,63759525600,1078730000,7740525376
Pioneer Natural Resources,63634378752,6425000000,19374000000
Postal Savings Bank of China,62966154347,13247100000,34026301672
Hindustan Unilever,62875082276,1719540000,7351814275
Zijin Mining,62851473589,5119360000,40852360519
Banco Bilbao Vizcaya Argentaria,62791049216,13461000000,35495009561
UniCredit,62697900963,12404300000,25568092773
Tokio Marine,62695705112,5266370000,48082908727
Bank of Communications,62571735278,14084100000,36187746725
Apollo Global Management,62305943552,5586000000,32644000000
Siemens Healthineers,62050790919,2134770000,23602896084
Phillips 66,62050279424,10395000000,147399000000
Emerson,62000861184,2720000000,15909000000
Aon,61602553856,3653000000,13376000000
PNC Financial Services,61494284288,6736000000,21509000000
Enterprise Products,61161988096,5701000000,49715000000
Brookfield Corporation,61157507072,21619000000,95924000000
Italtile,61151044800,123203000,487266327
Republic Services,60872069120,2191500000,14964500000
NetEase,60833787904,3913650000,14602957844
Itaú Unibanco,60527849472,7532790000,30040664573
O'Reilly Automotive,60153237504,3206420000,15812250000
America Movil,60147736576,5875620000,47669720646
The Saudi National Bank,59622654463,6076580000,9576651479
Munich RE (Münchener Rück),59588168061,6171740000,66917456972
Occidental Petroleum,59441913856,7374000000,28257000000
London Stock Exchange,59350160796,410616000,1948850723
Westpac Banking,59349746470,3743710000,7772096131
Larsen &amp; Toubro,59257104150,2833490000,25501714018
Constellation Energy,58735403008,2878000000,24918000000
Marvell Technology Group,58385719296,-758700000,5507700000
KDDI,58342302254,7847480000,40600628378
Nintendo,57427632446,4813770000,11973575948
Motorola Solutions,57063387136,2409000000,9979000000
Spotify,57004089344,-141831000,14982355141
Welltower,56917827584,350047000,6637995000
Scotiabank,56278511616,7134240000,23851817379
Carrier,56196116480,2381000000,23007000000
Monster Beverage,55992987648,1953360000,7140027000
Constellation Software,55300809745,428000000,8404000000
Heineken,55191279563,2788280000,33567716971
ANZ Bank,55144801315,6485480000,13055289127
Paccar,55065698304,5946400000,35127400000
Capital One,54965088256,6045000000,36787000000
Xiaomi,54960840704,3376710000,38203354117
Honda,54899720192,8877820000,136431625368
Roper Technologies,54549164032,1743100000,6177800000
Universal Music Group,54024571568,963876000,11073865036
Alimentation Couche-Tard,53947668276,3772500000,67935200000
Simon Property Group,53826985984,3553540000,5658836000
DoorDash,53800554496,-534000000,8635000000
Cement Roadstone Holding,53497286656,-2729110000,48734185293
Valero Energy,53420965888,10011000000,140086000000
Volvo Group,53291356160,6551970000,52086453415
3M,53186293760,-9688000000,32681000000
Energy Transfer Partners,52941524992,8175000000,78586000000
Chugai Pharmaceutical,52912172113,3036340000,7079323818
Estee Lauder,52878348288,1147000000,15157000000
Copart,52765036544,1584820000,4059987000
Norfolk Southern,52733976576,2506000000,12028000000
ING,52720029696,11366700000,24444878331
Snowflake,52542922752,-849223000,2806489000
Dassault Systèmes,52485425696,1541010000,6515508521
Nu Holdings,52401512448,1539080000,5632184000
Fortescue,52333880559,6886000000,16780000000
Supermicro,52072382464,870465000,9252753000
Vale,52070215680,12559000000,41784000000
Air Products and Chemicals,51624960000,2919200000,12422700000
ENI,51571326976,10082500000,96847981688
Coinbase,51467362304,5921000,3108383000
Edwards Lifesciences,51440947200,1615700000,6004800000
Bajaj Finance,51321716852,2327940000,4138016045
AutoZone,51253268480,3295780000,17830562000
General Motors,51115008000,11344000000,174871000000
Mindray,51010709082,1823180000,4869195548
DexCom,51002974208,798700000,3801800000
MetLife,50945220608,3207000000,66523000000
American International Group,50875936768,3858000000,47235000000
Arthur J. Gallagher & Co.,50862874624,1481800000,10071900000
Truist Financial,50680537088,-185000000,23390000000
BAE Systems,50635620111,2961000000,29378292296
Microchip Technology,50277695488,2968000000,8541300000
Suncor Energy,50221072384,8900350000,38432886567
Saudi Telecom Company,50064508158,4286510000,19302159053
Palantir,49940250624,237091000,2225012000
Denso,49888477672,3167380000,50191356936
Maaden,49834218658,691897000,7811070264
Grupo México,49824002048,6682590000,14750625000
Hilton Worldwide,49782906880,2234000000,10515000000
DHL Group (Deutsche Post),49776107639,6905980000,88745008143
National Grid,49502367744,2751270000,23040464211
Wesfarmers,49453189362,2412220000,28740798602
Hess,49407397888,2949000000,10511000000
Mizuho Financial Group,49238880256,7031510000,20281694642
Fortinet,49051394048,1354700000,5304800000
Ford,48935251968,4718000000,177494000000
The Travelers Companies,48567123968,4199000000,42897000000
Interactive Brokers,48557199360,6505000000,7787000000
MediaTek,48471619822,2793670000,13942257574
Industrial Bank,48351696956,11435200000,29701517541
Maruti Suzuki India,48330099436,1905430000,15772826351
Aflac,48253714432,5262000000,18837000000
Japan Tobacco,47989903916,5039140000,19983155391
Compass Group,47778958229,2130120000,37832565172
Cencora,47651434496,2350780000,271579412000
Holcim Group,47606799198,-350268000,26855724379
D. R. Horton,47292497920,6578200000,37062800000
Crédit Agricole,47182613871,10338700000,24406114783
Williams Companies,47146762240,5641000000,10907000000
Macquarie,47114102362,4696400000,4404889844
OCBC Bank,47107032715,6257480000,9992356056
Newmont,47025045504,-2031000000,11812000000
BASF,47022677123,1334510000,71922713102
Kraft Heinz,46650187776,3633000000,26640000000
Constellation Brands,46647902208,2221800000,9961800000
Realty Income,46433206272,1689660000,4078993000
Sika,46392230549,1786600000,13367207488
Oneok,46384787456,3497000000,17677000000
Autodesk,46256984064,1092000000,5346000000
Public Storage,45936254976,2170940000,4517690000
Bank Rakyat Indonesia,45829181616,5018400000,10929639385
American Electric Power,45823860736,2208700000,18982300000
W. W. Grainger,45789687808,2583000000,16622000000
Kimberly-Clark,45782323200,2097000000,20385000000
Block,45651894272,-29143000,21915623000
Infineon,45615179299,4157020000,17413040177
United Rentals,45537099776,3312000000,14532000000
Oriental Land,45510492503,1182940000,4214832944
Atlassian,45362135040,-251950000,3892436000
lululemon athletica,45316255744,2207180000,9619278000
Keurig Dr Pepper,45269262336,2770000000,14929000000
Sempra Energy,45160460288,2627000000,16720000000
CITIC Bank,45007379378,10583800000,28942918381
Jingdong Mall,44998250496,4860680000,152945722408
Hyundai,44963983360,13796400000,123586026436
Pacific Gas and Electric,44754014208,1249000000,24080000000
Allstate,44750671872,31000000,57094000000
Digital Realty,44669792256,1025890000,5477061000
Johnson Controls,44515454976,1899000000,25981000000
HCL Technologies,44382946405,2469650000,12764390379
Tata Motors,44325746437,2770680000,50928931451
CIBC,44055097344,5897300000,17448677708
Anglo American,44047668517,3595000000,30652000000
TE Connectivity,43763044352,2559000000,16024000000
Kering,43673761355,5247100000,21631840796
Ross Stores,43566436352,2545870000,20376941000
Rolls-Royce Holdings,43551396093,3089570000,20986676783
Adidas,43407558675,224585000,23214948889
Moderna,43257782272,-3904000000,6754000000
Sun Pharmaceutical,43223158426,1271620000,5648148146
Axis Bank,43177141281,4240620000,9212285934
Ferguson,43160641536,2301000000,29359000000
Datadog,42899709952,68228000,2128359000
Paychex,42810400768,2227000000,5212800000
Oil &amp; Natural Gas,42690054978,9186320000,77520501781
Hikvision,42673100684,2359390000,12693837326
Dominion Energy,42616733696,4189000000,16390000000
Bank of New York Mellon,42584383488,4088000000,17291000000
IQVIA,42549411840,2131000000,14984000000
MPLX,42510884864,4874000000,10434000000
Manulife Financial,42322698240,4823520000,31580759285
ENGIE,42278789941,7094530000,91283582090
Fomento Económico Mexicano,42260685415,4360710000,41994732605
NTPC Limited,42248929230,4579820000,21163222721
Lennar,42237337600,5348640000,35055867000
Waste Connections,42169335808,1304590000,8194101000
Banco Santander Brasil,41994620928,2554220000,8320557102
Adani Enterprises,41763902176,1088300000,13014531462
IDEXX Laboratories,41600552960,1102760000,3660953000
Lloyds Banking Group,41600155648,8613350000,23597630590
Ameriprise Financial,41330290688,3558000000,15535000000
Takeda Pharmaceutical,41293840384,2283430000,29348955701
Ares Management,41264144384,2193940000,4986978000
Nordea Bank,41238733481,7156790000,12880910716
Hoya,41226145809,1550810000,5471224102
Nucor,41209798656,6632170000,34713501000
Crown Castle,41144475648,1527000000,6981000000
The Trade Desk,40994504704,267995000,1946120000
Kinder Morgan,40892076032,4247000000,15288000000
Hong Kong Exchanges & Clearing,40792365818,2874400000,1971961435
Ametek,40782327808,1688210000,6596950000
L3Harris Technologies,40699637760,1221000000,19419000000
Agilent Technologies,40699482112,1332000000,6735000000
Jiangsu Hengrui Medicine,40672775327,673301000,3250725715
Coupang,40660393984,632000000,24383000000
Compagnie de Saint-Gobain,40611394353,4218910000,53006080708
Daikin,40537947920,2745670000,29965168901
Lonza,40491778678,1567440000,6736306560
Danone,40484242290,5503750000,16710456401
Dow,40455933952,656000000,44622000000
Chandra Asri Petrochemical,40317745394,60074000,2159932000
Samsung Biologics,40275978583,912582000,2805443843
The Hershey Company,40121532416,2333370000,11164992000
Yum! Brands,40091230208,1818000000,7076000000
Kroger,39956258816,2836000000,150039000000
Givaudan,39902716495,1176320000,8224711243
Prudential Financial,39756410880,3072000000,54520000000
Bank Mandiri,39621000639,4900650000,8090666728
Old Dominion Freight Line,39619518464,1648240000,5866152000
General Mills,39563595776,3089100000,20173300000
Reckitt Benckiser,39546998631,3749640000,14994697194
Cenovus Energy,39368675328,3751730000,41397891684
Goodman Group,39269877510,1323810000,1284687285
Haleon,39268892672,2573120000,14103118688
Fastenal,39050571776,1530900000,7382700000
Centene,39036936192,4323000000,153999000000
Cummins,39011876864,1626000000,34065000000
Bayan Resources,39000001950,1637230000,3581375403
Kuwait Finance House,38877426272,2636700000,4660463819
CaixaBank,38839440780,7495820000,16591216750
Kotak Mahindra Bank,38716974271,2793540000,8004975662
Wanhua Chemical,38641875374,3235460000,25020905858
Barclays,38565625856,7793440000,31479290043
Fidelity National Information Services,38553485312,-5916000000,12255000000
Pernod Ricard,38506518392,3193030000,13190527425
Adyen,38438081955,113336000,1324119767
Alcon,38310309888,1021000000,9455000000
Titan Company,38184345551,620866000,5718633459
Generali,38160301237,4542810000,86321911708
Corteva,38148362240,1326000000,17226000000
Quanta Services,38080335872,969956000,20882206000
MSCI,37847777280,1575730000,2616667000
Luzhou Laojiao,37838741181,2416140000,4198326238
Imperial Oil,37751889920,4796600000,36047590288
Sysco,37715603456,3274280000,77512288000
Ingersoll Rand,37625511936,1031100000,6876100000
UOB,37395699858,3187460000,7053246436
CoStar Group,37371461632,162179000,2527034000
Otis Worldwide,37367533568,2217000000,14300000000
Experian,37334990848,1174000000,6619000000
Exelon Corporation,37311107072,4431000000,21728000000
Charter Communications,37148934144,12042000000,54607000000
Cheniere Energy,37041848320,14578000000,20394000000
B Communications,37009563028,492297000,2481199703
Japan Post Bank,36938487197,3345720000,12389998934
TC Energy,36934643712,4929480000,11897744424
Mitsubishi Electric,36873797958,2492610000,36867873633
Daimler Truck,36858810299,5785730000,60650854536
Haier Smart Home,36774242855,3074050000,36886290317
Humana,36773289984,3322000000,109243000000
QNB Finansbank,36732298410,1507000000,2942294008
Ambev,36695056384,3029420000,16073767129
Baidu,36613328896,4015100000,18982442007
STMicroelectronics,36543594496,4817000000,17286000000
Royal Caribbean,36435472384,3105970000,13900000000
Wolters Kluwer,36415365282,1433940000,6173576562
Capgemini,36372765390,2547260000,24899944721
Diamondback Energy,36335808512,4423000000,8339000000
Sea (Garena),36265263104,820803000,12898516000
Martin Marietta,36256534528,1658100000,6777200000
CITIC Securities,36130103217,3694060000,8385796096
Kenvue,36100722688,2190000000,15444000000
Deutsche Börse,35974708303,2825520000,6861143260
DMart,35929150210,402032000,5874094551
Exor,35925952775,10129900000,223325518427
GE HealthCare Technologies,35844567040,2903000000,19552000000
3i Group,35196314612,5667180000,5836884352
QNB (Qatar National Bank),35194857495,5995380000,10616022751
Vertiv Holdings,34984411136,533700000,6863200000
Murata Manufacturing (Murata Seisakusho),34930486598,1923670000,11226667544
Thales,34919493262,1554410000,18815717606
Naspers,34846130176,8121000,2531527000
Restaurant Brands International,34746249216,1453000000,7022000000
Arch Capital,34720878592,3385000000,13294000000
E.ON,34699890321,69538900,101888903112
Deutsche Bank,34586415104,8833860000,33939013379
Nasdaq,34482438144,1402000000,6064000000
UltraTech Cement,34465678002,1167420000,8263481116
Woodside Energy,34367373312,3273000000,13994000000
Adani Ports & SEZ,34323589811,1390430000,3070423376
Vulcan Materials,34238607360,1441300000,7782000000
Loblaw Companies,34236925301,2781570000,44410545343
PSEG,34220519424,3081000000,11237000000
Adani Green Energy,34150433681,193853000,1099589376
Beiersdorf,34148063098,1085800000,7394350034
SMC corp,34115253946,1824150000,5498051122
7-Eleven,33964751973,2009050000,81330531825
Partners Group,33964059368,1222560000,1963520242
Electronic Arts,33886613504,1510000000,7657000000
Halliburton,33831778304,3962000000,23145000000
NatWest Group,33693747200,7710330000,18468030344
Powergrid Corporation of India,33668968657,3303390000,5404273707
Las Vegas Sands,33639763968,2962000000,11211000000
Coal India,33577126145,4883000000,15887935123
Kia,33533237289,9758440000,75811556406
Flutter Entertainment,33290698752,-59389600,9324412770
Coca-Cola European Partners,33203968000,1567990000,13511781999
Asian Paints,33071088462,899929000,4291683342
Devon Energy,33029525504,4992000000,15258000000
CDW Corporation,33018247168,1676800000,21376000000
Monolithic Power Systems,33012107264,505841000,1821072000
Baker Hughes,32937553920,2729000000,26209000000
Muyuan Foods,32929798676,2048520000,18066469724
ASM International,32874606204,1184470000,2774049645
Cognizant Technology Solutions,32800219136,2787000000,19353000000
Gartner,32794265600,1147130000,5906956000
Gree Electric Appliances,32763548466,4621320000,27916038968
LyondellBasell,32725012480,3104000000,41107000000
EQT,32652118937,264677000,2304588170
Bank of China (Hong Kong),32652087717,4486070000,9018174825
Delta Air Lines,32525389824,7046000000,59037000000
Anta Sports,32492605925,1646390000,7779002160
Veeva Systems,32469059584,429332000,2363673000
Consolidated Edison,32340469760,3003000000,14663000000
Sumitomo,32329128490,4974650000,48055610376
Hapag-Lloyd,32310902382,3294310000,19453431631
WEG ON,32275071002,1329970000,6560371108
BTG Pactual,32262118440,2927910000,6476089048
Xylem,32031817728,635000000,7364000000
Dubai Electricity and Water Authority (DEWA),31996294996,2574980000,7943184450
Ashtead,31942842779,2158100000,10674900000
Discover Financial Services,31874371584,3837000000,15871000000
Trip.com,31824443392,1968830000,5536620199
Swiss Re,31777709728,4372000000,43745000000
HubSpot,31767492608,-157702000,2170230000
Agnico Eagle Mines,31736166400,2359070000,6626909000
Kühne + Nagel,31647431399,1941320000,25457192325
Biogen,31628034048,1323300000,9663100000
Disco Corp.,31600095852,714141000,1995637374
Hindustan Aeronautics,31597999089,887690000,3405727444
Rockwell Automation,31568949248,1400200000,9129100000
Henkel,31515624620,3251390000,22494502907
Ryanair,31489181696,1835220000,12678255541
Global Payments,31448154112,1830100000,9654419000
Verisk Analytics,31296897024,1027200000,2681400000
ResMed,31296335872,1215230000,4504077000
Shanghai Pudong Development Bank,31218843419,6093000000,25217626824
Kuaishou Technology,31029680314,962654000,16004010650
Mahindra &amp; Mahindra,30980818542,2716410000,16228162425
Bajaj Finserv,30855675929,4485110000,12076386494
Japan Post Holdings,30839075828,4265480000,78615665234
Dollar General,30830827520,2119520000,38691609000
China State Construction Engineering,30814301466,13112100000,319498062907
ON Semiconductor,30778798080,2535800000,8253000000
Cloudflare,30771269632,-171990000,1296745000
Quanta Computer,30767998037,1945150000,34912613790
Banco do Brasil,30753192936,10640800000,28923557981
DSV,30750977948,2447620000,21504886700
Dupont De Nemours,30609285120,504000000,12068000000
China Pacific Insurance,30565565479,43811300000,45821565824
PPG Industries,30499069952,1933000000,18177000000
Bridgestone,30427092577,3941800000,30390332401
Assa Abloy,30426900480,1901980000,13519817446
Mitsubishi Heavy Industries,30335293686,2320900000,32001454122
Foshan Haitian Flavouring and Food,30154863345,995842000,3579568461
DSM-Firmenich,30128457515,-529574000,11749032615
Marubeni,30110951296,3775010000,51066914467
Hannover Rück,30094309547,2669960000,28435386524
VICI Properties,30058078208,3366540000,3611988000
Sun Life Financial,29888684032,3340390000,24593039889
Extra Space Storage,29886298112,1309830000,2560244000
Xcel Energy,29882320896,2645000000,14206000000
Bajaj Auto,29811243628,1210140000,5277853190
Renesas Electronics,29789287926,3036440000,10349551234
KBC,29770518528,4528670000,11684212798
Tractor Supply,29744979968,1432400000,14555741000
Toyota Industries,29715731293,2510790000,26356646314
Intact Financial,29699332124,1350290000,17397860160
BCE,29696421888,2475170000,18423813217
Hexagon,29594306560,1324050000,5897782271
Barrick Gold,29503436800,3143000000,11397000000
Chunghwa Telecom,29493825536,1512290000,7129285486
Orange,29467144192,-6691920000,53322441152
Banorte,29250426661,4288620000,11725412767
Emirates NBD Bank PJSC,29241127951,7881900000,11754262482
Archer Daniels Midland (ADM),29202665472,4941000000,93935000000
Corning,29081968640,816000000,12588000000
Dr. Sulaiman Al Habib Medical Services Group Company,29000934424,597736000,2537218436
Nestlé India,28993391611,501874000,2267241862
Luxshare Precision,28951586682,2082770000,32720426443
Banco Bradesco,28938407936,1787570000,20167243714
Ping An Bank,28922820311,8052210000,22041311343
Bayer,28896682877,612179000,51734351754
Wipro,28865769472,1999170000,11125092660
Ahold Delhaize,28862491002,2497940000,96191422248
Singtel,28850863972,1143640000,12035185178
Mitsui Fudosan,28774892811,2283150000,16527622169
MS&amp;AD Insurance,28736892557,3457490000,44758094178
Jio Financial Services,28725462863,5339800,2580983
Ansys,28712970240,592138000,2269949000
Wabtec,28672260096,1439000000,9980000000
The People's Insurance Company (PICC),28665206148,2864860000,80561797416
Komatsu,28643818309,3993550000,26823692752
The Hartford,28618733568,3545000000,24841000000
Swisscom,28597577033,2480120000,12433372063
Indian Oil,28595673577,5391240000,94876813194
Fujitsu,28525701020,1741380000,26313169099
East Money Information,28454716694,1296970000,495939548
Adani Power,28329650027,2561660000,5713442616
Celltrion,28326514124,513083000,1649994830
FICO,28286441472,566311000,1550746000
Amadeus IT Group,27920683220,1467490000,5901534907
Garmin,27887951872,1200360000,5228251000
Fanuc,27862945138,1325570000,5734461959
CITIC limited,27788978370,18955500000,125938647947
Publicis Groupe,27738887821,-243707000,5976702733
Equifax,27687628800,732200000,5352600000
Chocoladefabriken Lindt &amp; Sprüngli,27681646916,936654000,6186314984
Telstra,27668439911,1895220000,14804983318
Jardine Matheson,27664770000,3223000000,37724000000
Great-West Lifeco,27640737525,2270880000,20395011498
Michelin,27632902888,2844510000,30619129727
Fubon Financial,27610724884,2365410000,5493737633
Aena,27591383085,2603750000,5470791523
HP,27583381504,3705000000,53111000000
Howmet Aerospace,27578103808,975000000,6640000000
National Bank of Canada,27530224072,2979070000,7618965058
Antofagasta,27378736197,2558900000,5862000000
Legrand,27344343222,1811190000,9134066132
Coloplast,27344009794,1002190000,3639302121
Edison International,27331514368,3127000000,16338000000
Skandinaviska Enskilda Banken,27300557438,4574820000,7709998488
Vestas Wind Systems,27247311615,371022000,16685359286
Blue Owl Capital,27247214592,322080000,1731608000
AvalonBay Communities,26993633280,938591000,2767908000
GlobalFoundries,26991001600,1911000000,7639000000
CBRE Group,26983886848,1237210000,31948998000
Nidec,26977835020,1318540000,16177509401
Sun Hung Kai Properties,26960948185,3638570000,9082385059
Canon,26922133365,2860290000,30041803703
Fortive,26879174656,1154400000,6129100000
MongoDB,26800025600,-163516000,1683011000
Mettler-Toledo,26698942464,1051090000,3788309000
Schindler Group,26668255374,1268600000,12565218426
Maybank,26667982848,2727970000,5657695095
West Pharmaceutical,26632855552,667500000,2928600000
Vistra,26632468480,2000000000,14778000000
DNB,26576184504,4666240000,7635549399
DLF,26480290249,211226000,694228772
Splunk,26443769856,120539000,3980553000
Verbund AG,26403446492,3997860000,11286683364
Ferrovial,26347435481,717755000,9233647173
Nutrien,26345564160,1952000000,29056000000
Li Auto,26195845120,1468650000,17430546648
eBay,26183155712,3970000000,10112000000
Church & Dwight,26162468864,967400000,5867900000
Snap,26125379584,-1270750000,4812280000
Zscaler,26123995136,-101692000,1895508000
Keysight,26061211648,1334000000,5342000000
RWE,26017294544,4294410000,31039114385
PTT PCL,26011904376,7954920000,89359984126
Great Wall Motors,25983404520,1227890000,24383732315
Novozymes,25975616679,568080000,2605353646
H&amp;M,25964890028,1335610000,22172965428
WEC Energy Group,25957328896,1536300000,8893000000
China Resources Land,25943755724,8048450000,30022346127
Fairfax Financial,25943627534,5908300000,25803100000
CRRC,25932575782,2454300000,32972434576
Fujifilm,25892260375,2164010000,20612919626
Teck Resources,25820311552,2938260000,11209369384
JSW Steel,25785902007,1890480000,20978857823
Dollar Tree,25724174336,-881900000,30603800000
Targa Resources,25706131456,1942400000,16060300000
Willis Towers Watson,25702846464,1514000000,9483000000
Techtronic Industries,25666115603,1156900000,13253917000
Delta Electronics,25559119254,1599290000,12893685054
Raymond James,25546356736,2258000000,11689000000
Tesco,25541128192,1206160000,79319245429
DiDi,25534259200,-56405900,24556356024
Terumo,25466789071,910143000,6229866522
Sandvik,25458252368,1871730000,11727133117
KONE,25434880137,1355800000,11865765972
Woolworths Group,25426544048,1537100000,42560768946
Hang Seng Bank,25318334754,2574920000,5269467213
Telefónica,25307512832,-1664580000,44095665732
Transurban,25300753606,43690100,2751813801
HEICO,25247178752,679083000,3243553000
UCB,25163911450,487562000,5806522941
Yili Group,25158037549,2013650000,17990420720
Airports of Thailand,25152236892,552872000,1561368871
Fifth Third Bank,25082222592,2989000000,8526000000
Associated British Foods,25035553349,1633870000,24081254420
Danske Bank,24988322178,3885340000,8228446124
ICON plc,24983322624,708919000,8231984000
Siemens India,24949582770,329055000,2432148079
Cardinal Health,24926517248,1194000000,216148000000
COSCO Shipping,24888748010,4658580000,24774842050
Dover,24882386944,1916050000,8453052000
Klabin,24875912187,986122000,3567982681
Zimmer Biomet,24790923264,1067300000,7394300000
Tata Steel,24702902014,953242000,28190907720
Naturgy,24688955026,554188000,18558655532
T. Rowe Price,24676884480,2490300000,6460500000
Indian Railway Finance,24645865529,1353320000,3189462095
Equity Residential,24536365056,1075260000,2873964000
Take 2 Interactive,24525955072,-1611100000,5396400000
S.F. Express,24511161943,1477680000,36458940759
Philips,24445687808,-248982000,19722157840
Prudential,24424032256,0,129287114544
First Citizens BancShares,24328108032,12077000000,8777000000
M&T Bank,24259182592,3619000000,9398000000
Rocket Companies,24245059584,-402897000,3645883000
Rheinmetall,24228270280,884733000,7457433116
Ecopetrol,24166281216,8628760000,34251231175
Ørsted,24147439616,-2680600000,9368789308
China Everbright Bank,24074379747,7021690000,20556673024
Cheniere Energy,23960029184,14578000000,20394000000
AppLovin,23872772096,380570000,3283087000
ORIX,23844927488,2772210000,12094185939
PulteGroup,23785474048,3616260000,16435098000
American Water Works,23764387840,1656000000,4234000000
SAIC Motor,23759454626,3654040000,104934709352
Evolution Gaming,23715881022,1294300000,2024285823
Telus,23706945536,814921000,14936735168
CGI,23659106304,1648510000,10787658467
Vonovia,23656055260,-9197110000,5659184486
Wheaton Precious Metals,23633969152,539059000,1016046000
Delta Electronics (Thailand),23560872189,552543000,4153540536
Dollarama,23548664885,1128200000,4345165708
Cellnex Telecom,23542707274,343294000,4118383635
Advantest,23491957732,700256000,3528569632
Uniper,23473315880,8036270000,117386524713
SMIC,23460381725,1396870000,6321560000
Mitsubishi Estate,23448141589,1600940000,9937329839
Cemex,23445491712,1400780000,17517334000
National Bank of Kuwait,23407119142,2149710000,3894153749
Axon Enterprise,23371737088,161995000,1563391000
Otsuka Holdings,23298898279,1050820000,14195842101
Kaspi.kz Joint Stock Company,23295026382,2329740000,4497512077
Franco-Nevada,23289311232,-364100000,1219000000
China Unicom,23281651408,2874540000,50718682162
Brown &amp; Brown,23150809088,1215800000,4321500000
Pinterest,23132669952,-125678000,3055071000
Varun Beverages,23055299921,332478000,1893888661
Brown Forman,23000578048,1342000000,4260000000
Roblox,22947221504,-1119210000,2799274000
Western Digital,22895761408,-2200000000,11257000000
NVR,22889113600,1956110000,9534889000
Symbotic,22866460672,-157629000,1339029000
Vodafone,22842064896,-7808360000,69899738200
Broadridge Financial Solutions,22837168128,1023900000,6320800000
SSE,22833125244,-254682000,15472574571
Entergy,22790352896,2678180000,12147412000
Maersk,22785093131,-4693000000,51065000000
DTE Energy,22750652416,1405000000,12206000000
Cathay Financial Holding,22743296478,1842800000,8782805983
Iron Mountain,22673907712,825609000,5480289000
Central Japan Railway,22664171842,3528320000,11646672296
Builders FirstSource,22636597248,1984200000,17097330000
Suzuki Motor,22616103958,3158680000,35742613953
Toyota Tsusho,22586396853,3619520000,71794234526
BOE Technology,22487399834,253699000,24609996840
China Minsheng Bank,22399430545,5298980000,19882087473
Hewlett Packard Enterprise,22370072576,2090000000,28081000000
The Saudi British Bank,22365060388,2194250000,3390686346
Weyerhaeuser,22344372224,1217000000,7674000000
Argenx,22333614080,-304496000,1226316000
Mobileye,22284224512,8000000,2079000000
Veolia,22276020701,-14382400000,46849260997
Tradeweb,22177269760,561924000,1417709000
Standard Chartered,22141158123,5093000000,17718000000
Riyad Bank,22131921116,2393730000,4200172294
Ball Corporation,22122399744,814000000,14029000000
LG Chem,22113951202,2086360000,43131895095
Alinma Bank,22100591114,1439760000,2584650772
NTT Data,22087457390,2099300000,30048545390
ASE Group,22073157632,1628170000,19261831157
FirstEnergy,22051700736,1466000000,12926000000
State Street Corporation,22035419136,2316000000,11945000000
Genuine Parts Company,22034315264,1663120000,23109123000
Shenzhen Inovance,22002490374,734447000,4484441256
Dai-ichi Life Holdings,21962500923,2876080000,64460644867
Epiroc,21957992406,1120890000,5708940989
POSCO,21910026240,1798210000,59647393280
Rollins,21900982272,594406000,3163612000
International Flavors & Fragrances,21843818496,-2518000000,11479000000
Align Technology,21808787456,656654000,3862260000
Swedbank,21800129826,4197400000,6877351297
Fleetcor,21790322688,1325010000,3757719000
Tencent Music,21716992000,852584000,3916316589
Société Générale,21657939175,5573130000,59693857617
Hindustan Zinc,21635369042,1357960000,3386307368
Tyson Foods,21591904256,-575000000,52940000000
BioNTech,21544916992,1007330000,4155844142
Straumann,21542575396,411082000,2868621091
China Tourism Group Duty Free,21223840751,1212500000,9139415385
Sungrow Power Supply,21201481240,1743730000,10097852793
Deckers Brands,21185120256,929592000,4119576000
PTC,21149345792,331741000,2181357000
NetApp,21120620544,1261000000,6181000000
Formosa Petrochemical,21115505888,774261000,22912935089
Invitation Homes,21093982208,521028000,2432278000
CTBC Financial Holding,21065951480,2141970000,4198296447
Eversource Energy,21043619840,580404000,11910648000
Prada,21040427079,761435000,5071162537
Coca-Cola FEMSA,21029308416,2037380000,14813935532
Coterra Energy,21009823744,2219000000,5914000000
KB Financial Group,20962033664,4762670000,13685305935
Bank of Ningbo,20915564643,3937740000,8655211411
East Japan Railway,20827087251,2512670000,18898730744
Nippon Steel,20763342843,5329650000,60926242180
Yankuang Energy (Yanzhou Coal Mining),20732055968,5858510000,21167532489
China Tower,20707327238,1761810000,13344857418
Saudi Electricity,20696788053,2827410000,20100540836
Live Nation,20689885184,1244790000,22749073000
Pembina Pipeline,20678305792,1988300000,6872842092
SBA Communications,20667658240,548501000,2711584000
W. R. Berkley,20665735168,1881860000,12111139000
Baxter,20600539136,-47000000,14949000000
Alexandria Real Estate Equities,20566241280,479741000,2966858000
MTR Corporation,20552241158,1506430000,6130333045
Steel Dynamics,20552062976,3295430000,18795316000
Panasonic,20543210462,3175830000,59640274803
SM Investments Corporation,20515248128,2649780000,10317058730
Bharat Electronics,20491963884,577499000,2234968186
Bank of Jiangsu,20481588702,5481920000,10649364544
Samsung SDI,20462656952,1885530000,17246331106
Entegris,20459124736,172670000,3523926000
China Railway Group,20442589307,8148610000,178169191889
McCormick & Company,20439973888,833500000,6699400000
ArcelorMittal,20438894592,2218000000,68275000000
China Overseas Land &amp; Investment,20406715437,5220740000,26145307167
Sampo,20386008018,1706780000,9517809494
Industries Qatar,20360576844,1306140000,3227244185
LPL Financial,20325314560,1631580000,10052848000
Rogers Communication,20297304064,2376580000,15213864346
Weichai Power,20224356248,1852970000,30196812091
Nokia,20214538240,1994140000,22815775982
PPL,20195139584,924000000,8312000000
WiseTech Global,20188274253,199253000,540764179
Steris,20183746560,682478000,5407384000
Naver,20172503446,1120910000,7348890969
DraftKings,20159191040,-788574000,3665393000
Zomato,20107360594,-1519330,1282738597
Hubbell,20040595456,983300000,5372900000
China Securities,20035403291,1185500000,3280870676
Molina Healthcare,19959500800,1544000000,35854000000
CLP Group,19934239262,1363090000,11164062500
ČEZ Group,19913217700,4189400000,15831818512
Illumina,19911653376,-1040000000,4504000000
Cameco,19875127296,361984000,1932768488
Lasertec,19871034645,538352000,1344282554
Imperial Brands,19848159723,3793250000,39596898091
Erie Indemnity,19834081280,610090000,3648265000
Kellogg's,19832274944,1040000000,13122000000
Galaxy Entertainment,19827051356,-429822000,1471140558
YANGHE,19782614076,1977860000,4830604073
Samsara,19777538048,-249920000,937385000
Emaar Properties,19760494652,4283470000,7284504611
Carnival Corporation,19754799104,410000000,22568000000
EnBW Energie,19742889038,3075570000,48288208081
Ameren,19689832448,1906000000,7500000000
MicroStrategy,19643582464,-124525000,496261000
Huntington Bancshares,19642556416,2384000000,7417000000
Talanx,19639132340,3065490000,14823006260
Tyler Technologies,19627937792,244462000,1992256000
Grasim Industries,19622138619,1596500000,15250904429
Sompo Holdings,19620494048,3482080000,32722593136
United Microelectronics,19582904320,2247180000,7156261131
ULTA Beauty,19558959104,1695650000,11207303000
Elm Company,19519200000,394688000,1573943474
NEC Corp,19512806630,1458690000,24339634131
FirstRand,19505258000,2715170000,7029200779
Hormel Foods,19448399872,1091200000,12135929000
Tenaris,19405582336,4632790000,14868860000
Aptiv,19392931840,1622000000,20051000000
Freddie Mac,19392286720,13199000000,21229000000
Endesa,19387392329,1144930000,27188946536
Itaúsa,19366290571,3183290000,-966672770
Fortis,19340365824,1544080000,8594545677
Kaō,19315473734,466358000,10785519924
WSP Global,19293505113,742483000,10780589836
Telkom Indonesia,19287410688,2930790000,9756835427
Ajinomoto,19191235072,1099270000,9864280072
Inpex,19169617461,8948400000,15296676254
Erste Group Bank,19155082963,5196250000,11190345920
PKN Orlen,19147886647,10066100000,84472942806
Westlake Chemical,19125008384,700000000,12548000000
Sany Heavy Industry,19117411817,903525000,11046528956
Repsol,19092947051,6470790000,81171240036
Cboe,19065837568,1110000000,3773500000
Carlsberg,19062609947,-264781000,9708222870
Booz Allen Hamilton,19060336640,559141000,10323830000
LONGi Green Energy Technology,19050822114,2452760000,19327220412
Kubota,19045902963,2424580000,21314142848
First Solar,19040454656,891290000,3318602000
Seres Group,19008845978,-635230000,3940961097
KE Holdings,19007186944,925322000,10552775282
Markel,18991175680,2653710000,15713585000
Zoom,18974914560,832312000,4527224000
Trent Limited,18963911421,128575000,1351281308
Ems-Chemie,18906930964,656580000,2643330808
Swiss Life,18896652268,2418270000,23034206538
Bolloré,18867877800,-189455000,22144302957
Principal,18854049792,738800000,13665800000
PKO Bank Polski,18835629270,2029100000,5830325408
CK Hutchison Holdings,18734346096,6658720000,33656697759
UPM-Kymmene,18728366170,606717000,11157610712
Moncler,18723617725,276329000,971828410
Carlisle Companies,18703222784,1044700000,5092000000
Domino's Pizza,18660206592,889411000,4482321000
Budweiser APAC,18629276429,974000000,6124000000