Name,marketcap,earnings,revenue,log(marketcap),log(earnings)
Microsoft,2949351473152,105264000000,236584000000,12.46972653,11.02227987
Apple,2685423583232,121416000000,385706000000,12.4290128,11.08427592
NVIDIA,2189999996928,34075000000,60922000000,12.34044411,10.53243586
Alphabet,(Google),2054749159424,86025000000,307394000000,12.31275881,10.93462468
Saudi,Aramco,1942885308662,236964000000,495345561932,12.28844716,11.37468237
Amazon,1869365248000,40739000000,574785000000,12.27169416,10.61001036
Meta,Platforms,(Facebook),1106409029632,54821000000,142711000000,12.04391571,10.73894695
Berkshire,Hathaway,862347460608,125169000000,439337000000,11.93568229,11.09749678
Eli,Lilly,734253285376,6554600000,34124100000,11.8658459,9.816546194
TSMC,720423813120,37329700000,73867987262,11.85758806,10.5720545
Broadcom,617839788032,14741000000,38865000000,11.79087587,10.16852695
Tesla,588375523328,8929000000,94745000000,11.7696546,9.950802823
Novo,Nordisk,572124102656,15429400000,33813908390,11.75749024,10.18834904
JPMorgan,Chase,556323831808,61612000000,155291000000,11.74532766,10.78966531
Visa,552815296512,22337000000,34141000000,11.74258005,10.34902484
Walmart,479073894400,24531000000,648125000000,11.68040251,10.38971525
Exxon,Mobil,470953132032,52783000000,334697000000,11.67297769,10.72249407
UnitedHealth,444766650368,29112000000,371622000000,11.64813222,10.46407204
Mastercard,422428311552,13639000000,25098000000,11.62575302,10.13478253
LVMH,421044142335,23910400000,95249309011,11.62432763,10.37858684
Tencent,415116918784,35419900000,85008143971,11.61817043,10.54924733
Procter,&,Gamble,382838341632,20069000000,84060000000,11.58301543,10.30252573
Samsung,374201746982,8344220000,196777458586,11.57310581,9.921385746
ASML,356165615616,10066400000,30002193551,11.55165199,10.00287418
Johnson,&,Johnson,350839865344,16972000000,93022000000,11.54510894,10.22973302
Home,Depot,330954801152,21867000000,152669000000,11.51976869,10.3397892
Merck,329217900544,3035000000,60114000000,11.51748344,9.482158695
Costco,319175458816,9248000000,248828000000,11.50402949,9.966047821
Oracle,314374553600,14660000000,52510000000,11.49744739,10.16613397
Toyota,306410061824,43039800000,307489866616,11.48630302,10.63387024
Chevron,302440579072,30053000000,196913000000,11.48064006,10.47788783
Kweichow,Moutai,295847967344,14664600000,21283225746,11.47106859,10.16627022
Bank,of,America,295361609728,28342000000,98581000000,11.47035405,10.45243049
AbbVie,286756765696,6250000000,54318000000,11.45751367,9.795880017
Coca-Cola,265677078528,14479000000,45754000000,11.42435409,10.16073857
Nestlé,265074025224,15109000000,111031817679,11.42336717,10.17923572
Salesforce,264412299264,4950000000,34857000000,11.42228165,9.694605199
AMD,259325837312,598000000,22680000000,11.41384579,8.776701184
Hermès,258197438799,6456610000,14844665561,11.41195193,9.810004554
L'Oréal,251714527619,8845770000,45530679934,11.40090828,9.946735643
PetroChina,249488262980,36907500000,424783133772,11.39705012,10.56711463
ICBC,248794411478,59576400000,118322183436,11.39584062,10.77507426
Pepsico,241206902784,12321000000,91875000000,11.38238973,10.09064596
International,Holding,Company,238629519390,2257560000,7747610359,11.37772417,9.353639302
Reliance,Industries,238082148531,12625400000,108626243510,11.37672683,10.10124515
Netflix,237941374976,8098780000,34932234000,11.37646997,9.908419602
AstraZeneca,233850699776,9081000000,47611000000,11.36893867,9.958133676
Shell,230813564928,32627000000,316619000000,11.36326133,10.51357714
Thermo,Fisher,Scientific,218937786368,6298000000,42857000000,11.34032072,9.799202656
SAP,215273504768,4934670000,34433027669,11.33299058,9.693258115
Linde,212319633408,8401000000,32854000000,11.32699016,9.924330985
Adobe,210483838976,6277000000,19936000000,11.32321876,9.797752129
Wells,Fargo,209295425536,21636000000,82597000000,11.32075974,10.33517697
Agricultural,Bank,of,China,208023933786,43416200000,98098932462,11.3181133,10.63765181
Walt,Disney,204469420032,7903000000,88935000000,11.31062837,9.897791982
Novartis,198633078784,9827000000,49924000000,11.29805157,9.992420956
McDonald,196524343296,10522200000,25493700000,11.29341635,10.02210655
China,Mobile,195894612412,23979900000,142377505172,11.29202249,10.37984737
Roche,195060407865,16745600000,71888614930,11.29016913,10.22390071
T-Mobile,US,191357239296,14334000000,78558000000,11.2818449,10.1563674
Cisco,191061032960,16482000000,57233000000,11.28117212,10.21700991
Accenture,189170368512,9356610000,64573602000,11.27685311,9.971118528
QUALCOMM,186969063424,8736000000,36292000000,11.27176975,9.941312625
Abbott,Laboratories,184814026752,6664000000,40109000000,11.26673493,9.823734988
Danaher,182201597952,4800000000,22519000000,11.26055218,9.681241237
Alibaba,182145040384,17302000000,130804370622,11.26041735,10.23809631
General,Electric,179111051264,6692000000,69520000000,11.25312238,9.825555932
Intuit,177148313600,3618000000,15094000000,11.24833702,9.558468563
Pinduoduo,175144730624,10120400000,34871303385,11.24339708,10.00519768
Bank,of,China,172604946642,41744200000,87831511502,11.23705324,10.62059614
American,Express,170618667008,11491000000,61978000000,11.23202654,10.06035782
TotalEnergies,170213261312,36964000000,218945000000,11.23099339,10.56777896
Caterpillar,169163948032,13561000000,67060000000,11.22830781,10.13229172
Applied,Materials,167795507200,8369000000,26485000000,11.22478033,9.922673568
Verizon,166897598464,16562000000,134043000000,11.22245009,10.21911278
China,Construction,Bank,166370354411,54987900000,108533553936,11.22107594,10.74026713
Tata,Consultancy,Services,165784633848,7568620000,29046752308,11.21954427,9.879016701
HSBC,165098242048,30348000000,65938000000,11.21774245,10.48213008
Texas,Instruments,162775973888,7166000000,16801000000,11.2115903,9.855276804
IBM,151716708352,8690000000,61859000000,11.18103341,9.939019776
ConocoPhillips,149889089536,16288000000,56141000000,11.17577002,10.21186776
Comcast,149686501376,20340000000,121939000000,11.17518264,10.30835095
Siemens,149093276004,13289300000,84659305385,11.17345806,10.12350211
Morgan,Stanley,148218527744,11813000000,50667000000,11.1709025,10.0723602
Prosus,147687986865,6219000000,2628000000,11.16934517,9.793720557
HDFC,Bank,147430506496,9242030000,20391946583,11.16858736,9.965767374
Philip,Morris,147247923200,11976000000,35174000000,11.16804918,10.07831179
Amgen,146768560128,7855000000,28190000000,11.16663303,9.895146189
Union,Pacific,Corporation,145535451136,8231000000,24094000000,11.1629688,9.915452602
Pfizer,145442324480,3267000000,58497000000,11.16269081,9.514149134
ServiceNow,144421535744,1032000000,8971000000,11.15963196,9.013679697
Inditex,142889926656,7460870000,39073379594,11.15500161,9.872789473
Dior,142325739145,21522300000,84802887344,11.15328345,10.33288868
Uber,141357383680,2321000000,37281000000,11.1503185,9.36567514
BHP,Group,141303120000,23550000000,53817000000,11.15015175,10.37199091
Nike,140304973824,5986000000,51581000000,11.14707307,9.777136713
Goldman,Sachs,139275632640,10739000000,46254000000,11.14387514,10.03096384
Royal,Bank,Of,Canada,137713876992,12944400000,40489146783,11.1389777,10.11208192
Nextera,Energy,137565978624,9745000000,27130000000,11.13851104,9.988781843
Raytheon,Technologies,135583432704,5570000000,71011000000,11.13220663,9.745855195
Charles,Schwab,135486423040,6378000000,18837000000,11.13189578,9.804684515
Intel,133631524864,1640000000,54228000000,11.12590892,9.214843848
Airbus,132346523812,6010900000,71148721992,11.12171254,9.778939503
Intuitive,Surgical,131542712320,1848600000,7318500000,11.11906679,9.266842949
Lowe's,Companies,131054854144,11659000000,86376000000,11.11745311,10.0666613
Unilever,129901469696,8072460000,58202215428,11.11361406,9.907005902
Schneider,Electric,129828869049,5973470000,39692647872,11.11337127,9.776226687
S&P,Global,128820936704,4265000000,12828000000,11.10998645,9.629919036
Stryker,Corporation,128163233792,3673000000,20498000000,11.10776346,9.565020928
CNOOC,128146735432,25279800000,60807616051,11.10770755,10.40277363
Micron,Technology,127181438976,-3672000000,18312000000,11.10442373,#NUM!
Eaton,126813749248,3827000000,23196000000,11.10316634,9.582858462
United,Parcel,Service,126136311808,8573000000,90958000000,11.10084013,9.933132824
Honeywell,125548658688,8063000000,36903000000,11.09881208,9.90649666
Commonwealth,Bank,125049335247,9494650000,17945374146,11.09708139,9.97747896
Sanofi,123948744704,8395340000,50359912918,11.09324213,9.924038289
CATL,123107016936,8216310000,54613879630,11.09028281,9.914676817
Elevance,Health,122981662720,9079000000,171745000000,11.08984036,9.958038016
Al-Mazaya,Holding,Company,121990674137,13092400,51841729,11.08632663,7.117019265
Progressive,121788178432,5172100000,62082300000,11.08560513,9.713666913
AT&T,121208856576,19848000000,122428000000,11.08353435,10.29771675
Lam,Research,119341039616,3915220000,14317147000,11.07678982,9.592756171
Booking,Holdings,(Booking.com),118695780352,5481000000,21365000000,11.07443528,9.738859802
Citigroup,118411395072,12910000000,79490000000,11.0733935,10.11092624
Anheuser-Busch,Inbev,118093668352,9128000000,59380000000,11.07222661,9.960375631
CM,Bank,117876072827,24937200000,47313654639,11.07142566,10.39684769
Mitsubishi,UFJ,Financial,117824823296,18039600000,39834296070,11.0712368,10.2562269
Alony,Hetz,116871134377,-423599000,504911415,11.06770726,#NUM!
Deutsche,Telekom,114685971538,12915400000,120413978460,11.0595103,10.11110786
BlackRock,112788340736,7447000000,17859000000,11.05226421,9.871981354
Allianz,111869412833,13058700000,104297192691,11.04871136,10.11589994
Lockheed,Martin,111532777472,7939000000,69640000000,11.04740252,9.899765802
Rio,Tinto,111306006528,15742000000,54041000000,11.0465186,10.19705991
Deere,&,Company,109620166656,15518000000,59698000000,11.03989046,10.19083575
Petrobras,109470687232,157386000000,401024815401,11.03929784,11.1969661
BP,109429866496,27624000000,210130000000,11.03913587,10.44128657
Keyence,108570445174,3596760000,6691533661,11.03571162,9.55591146
TJX,Companies,107077877760,5542920000,52326232000,11.02969976,9.743738611
Medtronic,106889510912,6235000000,32320000000,11.02893509,9.794836458
Boeing,106625515520,-1887000000,76442000000,11.02786114,#NUM!
Arm,Holdings,105681477632,46000000,2938000000,11.02399888,7.662757832
Boston,Scientific,105590267904,1985000000,14240000000,11.02362389,9.297760511
China,Shenhua,Energy,104906139150,12715100000,48439909006,11.0208009,10.10431978
Toronto,Dominion,Bank,104511299584,10483100000,39655574190,11.01916325,10.02048973
Air,Liquide,103547125874,4594030000,30522498618,11.01513805,9.662193827
Tokyo,Electron,103524791334,3351800000,13047631684,11.01504436,9.525278097
Vertex,Pharmaceuticals,101971124224,4423900000,9869200000,11.00847721,9.645805301
Airbnb,101865955328,2185000000,9917000000,11.00802906,9.339451441
Cigna,101127249920,6959000000,195187000000,11.0048682,9.842546836
Sony,100957675520,7968020000,88972241182,11.00413934,9.901350416
Chubb,100946763776,9526000000,49826000000,11.0040924,9.978910577
Analog,Devices,100448641024,3329280000,11568613000,11.00194407,9.522350322
Starbucks,100190150656,6206600000,36687000000,11.00082503,9.792853757
Sinopec,100138186039,15551300000,473538767624,11.00059972,10.1917667
Automatic,Data,Processing,99924910080,4606200000,17673900000,10.99967377,9.663342791
Regeneron,Pharmaceuticals,98672664576,4199300000,13117200000,10.99419686,9.623176902
China,Life,Insurance,98166547845,1796810000,117864907755,10.99196352,9.254502156
ICICI,Bank,98016714752,5686980000,18630505378,10.99130014,9.754881701
EssilorLuxottica,97936075669,3355440000,28076285240,10.9909427,9.525749477
Marsh,&,McLennan,Companies,97682530304,5233000000,23285000000,10.9898169,9.718750735
Mondelez,97125113856,5880000000,36016000000,10.98733154,9.769377326
Ping,An,Insurance,95739409284,16272900000,110827882393,10.98109074,10.21146496
Prologis,95445254144,4272680000,8211503000,10.97975434,9.630700368
Mitsubishi,Corporation,94938289709,9479900000,141171175704,10.9774414,9.976803756
Palo,Alto,Networks,94836310016,876000000,7527400000,10.97697465,8.942504106
KLA,94778482688,3119170000,9671427000,10.97670975,9.494039045
Bharti,Airtel,94335869350,1804440000,17961432293,10.97467686,9.256342446
Maytronics,93899407432,52661700,515405376,10.97266285,7.721494875
Shopify,92169248768,185000000,7060000000,10.96458605,8.267171728
Southern,Copper,91575238656,3955900000,9895800000,10.96177806,9.597245305
ABB,91217128123,4847000000,32246000000,10.96007639,9.68547302
NTT,(Nippon,Telegraph,&amp;,Telephone),90833182720,12909200000,93781707670,10.95824453,10.11089933
Safran,90351946832,3127690000,25648424544,10.95593751,9.495223702
Bristol-Myers,Squibb,90175545344,-5846000000,45534000000,10.95508878,#NUM!
Fiserv,89992429568,4099000000,19429000000,10.95420598,9.612677918
Dell,89280856064,5388000000,88425000000,10.95075835,9.731427587
State,Bank,of,India,88435853334,10398800000,37617915054,10.94662837,10.01698323
CSL,87266800699,2663000000,13174000000,10.94084905,9.425371166
China,Yangtze,Power,87164328389,4005390000,9706164727,10.94033879,9.602644809
Partner,Communications,87101591687,78915200,912327034,10.94002609,7.897160662
Chipotle,Mexican,Grill,87012286464,1704930000,10204917000,10.93958058,9.231706553
UBS,86944284672,29728000000,39439000000,10.93924104,10.47316569
SK,Hynix,86915714390,-9950610000,22237017350,10.9390983,#NUM!
Meituan,86863198045,1695280000,37296614879,10.93883581,9.229241438
Hitachi,86267654681,7674070000,70513014443,10.93584799,9.885025756
Blackstone,Group,86011860000,2957710000,7006649000,10.93455834,9.47095559
Barloworld,85643580000,155833000,2385058689,10.93269481,8.192659432
GlaxoSmithKline,85541666816,7535020000,37849046031,10.93217771,9.877084409
TAQA,85421005228,0,0,10.93156468,#NUM!
Al,Rajhi,Bank,85260771248,4944330000,7320382801,10.93074926,9.694107449
CVS,Health,85252571136,13831000000,357776000000,10.93070749,10.14085358
BYD,84704818326,5497430000,84896058969,10.92790812,9.740159708
Waste,Management,84610465792,3704000000,20693000000,10.92742409,9.568670978
KKR,&,Co.,83699032064,6554610000,14360028000,10.92272044,9.816546856
AIA,83044057707,4564000000,20697000000,10.91930856,9.659345636
Atlas,Copco,82793894630,3494170000,16546430906,10.91799831,9.543344031
Life,Healthcare,Group,82773380900,131838000,1199256324,10.91789069,8.120040606
Compagnie,Financière,Richemont,82573080830,5502490000,21758047632,10.91683849,9.740559262
Canadian,Natural,Resources,82282708992,7582160000,30468848173,10.91530858,9.879792945
Porsche,82263300000,8210600000,43985504422,10.91520613,9.914374895
Synopsys,82197569536,1489900000,6130509000,10.91485898,9.17315712
Arista,Networks,82027569152,2422030000,5860168000,10.91395984,9.384179518
HCA,Healthcare,81858101248,9644000000,64968000000,10.91306167,9.984257202
BNP,Paribas,81816609917,14780500000,65428293094,10.91284148,10.16968913
Gilead,Sciences,81346084864,6859000000,27115000000,10.91033666,9.836260803
Fast,Retailing,81151842930,3473260000,19847406306,10.90929839,9.540737295
Mercedes-Benz,81100958062,22648500000,166284894808,10.90902598,10.35503944
Southern,Company,80783695872,4346000000,25253000000,10.90732372,9.638089722
American,Tower,80765747200,2919500000,11144200000,10.90722722,9.46530848
Wuliangye,Yibin,80655085315,5858970000,11528118806,10.90663175,9.767821274
General,Dynamics,78931779584,4481000000,43122000000,10.89725189,9.651374944
Equinor,78888861696,37884000000,106848000000,10.89701569,10.57845583
Shin-Etsu,Chemical,78742776391,5864550000,17427533803,10.89621072,9.768234693
AXA,78412613948,7365800000,134681478334,10.89438593,9.867219922
ACWA,POWER,Company,78171213172,489676000,1626428580,10.89304685,8.689908819
Canadian,National,Railway,77823909888,5296810000,12518586809,10.89111305,9.724014395
RELX,77792165888,3303430000,11661952324,10.89093586,9.518965108
National,International,Holding,Company,(Kuwait),77701053442,8587320,18059739,10.89042691,6.933857647
Pick,n,Pay,Stores,77523940800,92904200,5797631477,10.88943584,7.968035348
EOG,Resources,77516103680,9837000000,23182000000,10.88939193,9.992862671
Iberdrola,77432225876,9490090000,50395442412,10.88892174,9.977270331
Diageo,77250641920,-881883000,16233499637,10.8879021,#NUM!
Sherwin-Williams,76897370112,3109900000,23051900000,10.88591149,9.492746424
Santander,76218458112,17840700000,61617302569,10.88206016,10.25141189
Investor,AB,75985327001,15419200000,20432950742,10.88072974,10.18806184
Enbridge,75952390144,5898210000,32589173763,10.88054145,9.770720231
Cadence,Design,Systems,75915862016,1306100000,4077399000,10.88033253,9.115976429
Duke,Energy,75795939328,7781000000,29060000000,10.87964594,9.891035415
Altria,Group,75343839232,12362000000,20456000000,10.87704775,10.09208874
CME,Group,75235049472,4313000000,5578900000,10.87642021,9.634779458
Colgate-Palmolive,74939080704,3679000000,19457000000,10.87470836,9.565729788
Sumitomo,Mitsui,Financial,Group,74796146688,7996170000,28000782196,10.87387922,9.902882019
Ferrari,74636484608,1736870000,6475463555,10.87295118,9.239767314
Intercontinental,Exchange,74562969600,3702000000,9903000000,10.8725232,9.568436414
MercadoLibre,74536583168,1553000000,14473000000,10.87236948,9.191171456
Target,74410573824,5297000000,107412000000,10.87163465,9.724029973
Bank,Central,Asia,74326010686,3951850000,6692901478,10.87114082,9.596800452
Life,Insurance,Corporation,of,India,(LIC),74192226540,4916320000,99331064528,10.8703584,9.691640143
Canadian,Pacific,Railway,73988472832,-2284880000,10310696322,10.86916406,#NUM!
SoftBank,73879444978,859984000,47236775274,10.86852362,8.934490371
Illinois,Tool,Works,73574916096,4089000000,16107000000,10.86672978,9.611617111
Amphenol,73378799616,2454700000,12554600000,10.8655706,9.389998423
Trane,Technologies,73179832320,2801800000,17677500000,10.86439141,9.447437131
Freeport-McMoRan,72957599744,6006000000,22855000000,10.86307054,9.778585328
DBS,Group,72909299435,8495260000,15031278309,10.86278293,9.929176675
Mitsui,Bussan,72836511278,10083700000,93577752933,10.86234914,10.00361992
Zoetis,72773378048,2936000000,8544000000,10.86197253,9.467756051
PayPal,72276262912,5411000000,29771000000,10.85899569,9.733277534
China,Telecom,71848544019,5085280000,69420428058,10.85641797,9.706314871
CrowdStrike,71847182336,122817000,3055555000,10.85640974,8.089258485
Northrop,Grumman,71825678336,2479000000,40122000000,10.85627974,9.394276527
Glencore,71712145408,22879000000,255984000000,10.85559272,10.35943704
Sberbank,71383586405,0,0,10.85359836,#NUM!
Parker-Hannifin,70703095808,3348180000,19826043000,10.84943843,9.524808798
McKesson,70441254912,3551000000,301506000000,10.84782708,9.550350672
Infosys,70205267968,4043000000,18553000000,10.8463697,9.606703741
Zurich,Insurance,Group,70122084303,6221000000,67336000000,10.84585482,9.793860201
TransDigm,69685256192,2881000000,6585000000,10.8431409,9.459543258
BMW,69669096263,19259800000,168773124860,10.84304018,10.28465177
Schlumberger,69515952128,5977000000,34106000000,10.84208448,9.776483256
Cellcom,Israel,69457790491,91612400,1198550362,10.84172096,7.961954261
Merck,KGaA,69418137781,3773790000,22776131391,10.84147296,9.576777729
Intesa,Sanpaolo,69267517908,11639200000,28128984075,10.84052963,10.06592313
National,Australia,Bank,68826643978,6726880000,13279947472,10.83775659,9.82781368
Thomson,Reuters,68763238400,1988000000,6794000000,10.83735632,9.29841638
Walmex,68738424832,4565010000,53312272764,10.83719958,9.659441733
Marriott,International,68305854464,3944000000,23713000000,10.83445793,9.595936906
Volkswagen,68128005351,25158500000,349787108889,10.83332567,10.40068474
Recruit,67871545379,2870580000,23958699374,10.83168774,9.457969655
Marathon,Petroleum,67797217280,15254000000,148379000000,10.83121187,10.18338374
Moody's,67691253760,2130000000,5726000000,10.83053256,9.328379603
SABIC,67627050342,1697780000,39456438405,10.83012045,9.229881413
Becton,Dickinson,67497619456,1540000000,19492000000,10.82928846,9.187520721
Enel,67445748475,12678100000,105035834764,10.82895458,10.10305417
Equinix,67444617216,1526250000,8188136000,10.82894729,9.183625677
Cintas,67435859968,1892370000,9410151000,10.8288909,9.277006055
Vinci,67292683031,9059150000,77263681592,10.82796784,9.957087451
Foxconn,Industrial,Internet,67223052306,3606920000,67230804240,10.82751823,9.55713651
Midea,67198384423,5670710000,52724403380,10.82735883,9.753637438
Stellantis,66826526720,2786440000,101327331783,10.82494889,9.445049696
Nongfu,Spring,66445132955,1613240000,4819438733,10.82246317,9.207698982
Foxconn,(Hon,Hai,Precision,Industry),66388126977,6160130000,198326873516,10.82209042,9.789589877
Rosneft,66170470479,0,0,10.82066422,#NUM!
LG,Energy,Solution,65953700810,1823060000,26231583801,10.81923917,9.260800962
British,American,Tobacco,65779982336,7618950000,21649298047,10.81809375,9.881895123
Itōchū,Shōji,65518948379,7230990000,97658345368,10.81636692,9.859197761
CSX,Corporation,65499934720,4772000000,14632000000,10.81624087,9.678700435
Daiichi,Sankyō,65497113758,1383210000,10584051473,10.81622216,9.14088812
Ecolab,65379495936,2104400000,15320200000,10.81544157,9.323128293
NXP,Semiconductors,65255567360,3790000000,13276000000,10.81461757,9.57863921
ITC,65229417102,3293600000,8463270920,10.8144435,9.517670854
Bank,of,Montreal,65212067840,5087930000,24983423033,10.81432797,9.706541128
FedEx,64844804096,6819000000,87514000000,10.81187518,9.83372069
Workday,64798711808,470000000,7259000000,10.81156637,8.672097858
U.S.,Bancorp,63975596032,6865000000,28013000000,10.80601434,9.836640542
Telkom,SA,63759525600,1078730000,7740525376,10.80454508,9.032912757
Pioneer,Natural,Resources,63634378752,6425000000,19374000000,10.80369181,9.807873132
Postal,Savings,Bank,of,China,62966154347,13247100000,34026301672,10.79910717,10.12212081
Hindustan,Unilever,62875082276,1719540000,7351814275,10.79847857,9.235412283
Zijin,Mining,62851473589,5119360000,40852360519,10.79831546,9.709215671
Banco,Bilbao,Vizcaya,Argentaria,62791049216,13461000000,35495009561,10.79789774,10.12907732
ADNOC,Gas,62700287568,0,0,10.79726953,#NUM!
UniCredit,62697900963,12404300000,25568092773,10.797253,10.09357226
Tokio,Marine,62695705112,5266370000,48082908727,10.79723779,9.721511368
Bank,of,Communications,62571735278,14084100000,36187746725,10.7963782,10.1487291
Apollo,Global,Management,62305943552,5586000000,32644000000,10.79452948,9.747100931
Siemens,Healthineers,62050790919,2134770000,23602896084,10.79274732,9.329351091
Phillips,66,62050279424,10395000000,147399000000,10.79274374,10.01682449
Emerson,62000861184,2720000000,15909000000,10.79239772,9.434568904
Aon,61602553856,3653000000,13376000000,10.78959872,9.562649672
PNC,Financial,Services,61494284288,6736000000,21509000000,10.78883475,9.828402078
Enterprise,Products,61161988096,5701000000,49715000000,10.78648159,9.755951041
Brookfield,Corporation,61157507072,21619000000,95924000000,10.78644977,10.3348356
Italtile,61151044800,123203000,487266327,10.78640388,8.090621283
Republic,Services,60872069120,2191500000,14964500000,10.78441806,9.340741475
NetEase,60833787904,3913650000,14602957844,10.78414486,9.592581984
Itaú,Unibanco,60527849472,7532790000,30040664573,10.78195524,9.87695586
Lukoil,60191413765,0,0,10.77953454,#NUM!
O'Reilly,Automotive,60153237504,3206420000,15812250000,10.77925901,9.506020409
America,Movil,60147736576,5875620000,47669720646,10.77921929,9.7690537
The,Saudi,National,Bank,59622654463,6076580000,9576651479,10.77541131,9.78365922
Munich,RE,(Münchener,Rück),59588168061,6171740000,66917456972,10.77516003,9.790407622
Occidental,Petroleum,59441913856,7374000000,28257000000,10.77409278,9.867703133
London,Stock,Exchange,59350160796,410616000,1948850723,10.7734219,8.613435868
Westpac,Banking,59349746470,3743710000,7772096131,10.77341887,9.5733022
Larsen,&amp;,Toubro,59257104150,2833490000,25501714018,10.77274042,9.452321684
Constellation,Energy,58735403008,2878000000,24918000000,10.76889995,9.45909079
Marvell,Technology,Group,58385719296,-758700000,5507700000,10.76630663,#NUM!
KDDI,58342302254,7847480000,40600628378,10.76598356,9.894730218
Nintendo,57427632446,4813770000,11973575948,10.75912091,9.682485336
Motorola,Solutions,57063387136,2409000000,9979000000,10.75635755,9.3818368
Spotify,57004089344,-141831000,14982355141,10.75590601,#NUM!
Welltower,56917827584,350047000,6637995000,10.75524832,8.54412636
Scotiabank,56278511616,7134240000,23851817379,10.7503426,9.853347715
Carrier,56196116480,2381000000,23007000000,10.7497063,9.376759395
Monster,Beverage,55992987648,1953360000,7140027000,10.74813364,9.29078229
Constellation,Software,55300809745,428000000,8404000000,10.74273149,8.631443769
Heineken,55191279563,2788280000,33567716971,10.74187046,9.445336384
ANZ,Bank,55144801315,6485480000,13055289127,10.74150458,9.811942124
Paccar,55065698304,5946400000,35127400000,10.74088115,9.77425412
Capital,One,54965088256,6045000000,36787000000,10.74008693,9.781396305
Xiaomi,54960840704,3376710000,38203354117,10.74005337,9.528493764
Honda,54899720192,8877820000,136431625368,10.73957013,9.948306335
Roper,Technologies,54549164032,1743100000,6177800000,10.7367881,9.241322303
Universal,Music,Group,54024571568,963876000,11073865036,10.73259133,8.984021167
Alimentation,Couche-Tard,53947668276,3772500000,67935200000,10.73197268,9.576629248
Simon,Property,Group,53826985984,3553540000,5658836000,10.73100006,9.550661208
DoorDash,53800554496,-534000000,8635000000,10.73078675,#NUM!
Cement,Roadstone,Holding,53497286656,-2729110000,48734185293,10.72833176,#NUM!
Valero,Energy,53420965888,10011000000,140086000000,10.72771174,10.00047746
Volvo,Group,53291356160,6551970000,52086453415,10.72665677,9.8163719
3M,53186293760,-9688000000,32681000000,10.72579973,#NUM!
Energy,Transfer,Partners,52941524992,8175000000,78586000000,10.72379645,9.912487761
Chugai,Pharmaceutical,52912172113,3036340000,7079323818,10.72355559,9.482350401
Estee,Lauder,52878348288,1147000000,15157000000,10.72327788,9.059563418
Copart,52765036544,1584820000,4059987000,10.72234624,9.199979943
Norfolk,Southern,52733976576,2506000000,12028000000,10.72209052,9.398981067
ING,52720029696,11366700000,24444878331,10.72197565,10.0556344
Snowflake,52542922752,-849223000,2806489000,10.72051423,#NUM!
Dassault,Systèmes,52485425696,1541010000,6515508521,10.72003872,9.187805457
Nu,Holdings,52401512448,1539080000,5632184000,10.71934382,9.187261195
Fortescue,52333880559,6886000000,16780000000,10.71878294,9.837967018
Supermicro,52072382464,870465000,9252753000,10.71660745,8.939751314
Vale,52070215680,12559000000,41784000000,10.71658938,10.09895506
Air,Products,and,Chemicals,51624960000,2919200000,12422700000,10.71285973,9.46526385
ENI,51571326976,10082500000,96847981688,10.71240831,10.00356823
Coinbase,51467362304,5921000,3108383000,10.71153191,6.772395061
Edwards,Lifesciences,51440947200,1615700000,6004800000,10.71130896,9.208360725
Bajaj,Finance,51321716852,2327940000,4138016045,10.71030118,9.366971783
AutoZone,51253268480,3295780000,17830562000,10.70972157,9.517958214
General,Motors,51115008000,11344000000,174871000000,10.70854843,10.05476622
Mindray,51010709082,1823180000,4869195548,10.70766136,9.260829548
DexCom,51002974208,798700000,3801800000,10.7075955,8.902383684
MetLife,50945220608,3207000000,66523000000,10.70710345,9.50609896
American,International,Group,50875936768,3858000000,47235000000,10.70651242,9.586362223
Arthur,J.,Gallagher,&,Co.,50862874624,1481800000,10071900000,10.7064009,9.17078959
Truist,Financial,50680537088,-185000000,23390000000,10.70484121,#NUM!
BAE,Systems,50635620111,2961000000,29378292296,10.70445613,9.471438407
Microchip,Technology,50277695488,2968000000,8541300000,10.70137536,9.472463897
Suncor,Energy,50221072384,8900350000,38432886567,10.70088598,9.949407085
Saudi,Telecom,Company,50064508158,4286510000,19302159053,10.69952995,9.632103841
Palantir,49940250624,237091000,2225012000,10.69845072,8.374915068
Denso,49888477672,3167380000,50191356936,10.69800025,9.50070017
Maaden,49834218658,691897000,7811070264,10.69752765,8.840041448
Grupo,México,49824002048,6682590000,14750625000,10.69743861,9.824944816
Hilton,Worldwide,49782906880,2234000000,10515000000,10.69708025,9.349083169
DHL,Group,(Deutsche,Post),49776107639,6905980000,88745008143,10.69702093,9.839225316
National,Grid,49502367744,2751270000,23040464211,10.69462597,9.439533213
Wesfarmers,49453189362,2412220000,28740798602,10.69419431,9.382416914
Hess,49407397888,2949000000,10511000000,10.69379198,9.469674773
Mizuho,Financial,Group,49238880256,7031510000,20281694642,10.69230817,9.847048599
Fortinet,49051394048,1354700000,5304800000,10.69065135,9.131843131
Ford,48935251968,4718000000,177494000000,10.68962183,9.673757937
The,Travelers,Companies,48567123968,4199000000,42897000000,10.68634239,9.623145875
Interactive,Brokers,48557199360,6505000000,7787000000,10.68625363,9.813247301
MediaTek,48471619822,2793670000,13942257574,10.68548753,9.446175104
Industrial,Bank,48351696956,11435200000,29701517541,10.68441172,10.05824376
Maruti,Suzuki,India,48330099436,1905430000,15772826351,10.68421769,9.279992999
Aflac,48253714432,5262000000,18837000000,10.68353075,9.721150844
Japan,Tobacco,47989903916,5039140000,19983155391,10.68114988,9.702356424
Compass,Group,47778958229,2130120000,37832565172,10.67923668,9.32840407
Cencora,47651434496,2350780000,271579412000,10.67807598,9.371211987
Holcim,Group,47606799198,-350268000,26855724379,10.67766898,#NUM!
D.,R.,Horton,47292497920,6578200000,37062800000,10.67479225,9.818107073
Crédit,Agricole,47182613871,10338700000,24406114783,10.673782,10.01446593
Williams,Companies,47146762240,5641000000,10907000000,10.67345187,9.7513561
Macquarie,47114102362,4696400000,4404889844,10.67315092,9.671765079
OCBC,Bank,47107032715,6257480000,9992356056,10.67308575,9.79639947
Newmont,47025045504,-2031000000,11812000000,10.67232922,#NUM!
BASF,47022677123,1334510000,71922713102,10.67230735,9.125321832
Kraft,Heinz,46650187776,3633000000,26640000000,10.6688534,9.560265398
Constellation,Brands,46647902208,2221800000,9961800000,10.66883212,9.346704962
Realty,Income,46433206272,1689660000,4078993000,10.66682867,9.227799323
Sika,46392230549,1786600000,13367207488,10.66644525,9.25202733
Oneok,46384787456,3497000000,17677000000,10.66637557,9.543695632
Autodesk,46256984064,1092000000,5346000000,10.66517731,9.038222638
Public,Storage,45936254976,2170940000,4517690000,10.66215559,9.336647821
Bank,Rakyat,Indonesia,45829181616,5018400000,10929639385,10.6611421,9.700565275
American,Electric,Power,45823860736,2208700000,18982300000,10.66109168,9.344136731
W.,W.,Grainger,45789687808,2583000000,16622000000,10.66076768,9.412124406
Kimberly-Clark,45782323200,2097000000,20385000000,10.66069783,9.32159843
Block,45651894272,-29143000,21915623000,10.6594588,#NUM!
Infineon,45615179299,4157020000,17413040177,10.65910939,9.618782114
United,Rentals,45537099776,3312000000,14532000000,10.65836537,9.520090328
Oriental,Land,45510492503,1182940000,4214832944,10.65811154,9.072962717
Atlassian,45362135040,-251950000,3892436000,10.65669349,#NUM!
lululemon,athletica,45316255744,2207180000,9619278000,10.65625402,9.343837752
Keurig,Dr,Pepper,45269262336,2770000000,14929000000,10.65580342,9.442479769
Sempra,Energy,45160460288,2627000000,16720000000,10.65475836,9.419460073
CITIC,Bank,45007379378,10583800000,28942918381,10.65328373,10.02464162
Jingdong,Mall,44998250496,4860680000,152945722408,10.65319563,9.68669703
Hyundai,44963983360,13796400000,123586026436,10.65286478,10.13976578
Pacific,Gas,and,Electric,44754014208,1249000000,24080000000,10.650832,9.096562438
Allstate,44750671872,31000000,57094000000,10.65079956,7.491361694
Digital,Realty,44669792256,1025890000,5477061000,10.65001393,9.011100796
Johnson,Controls,44515454976,1899000000,25981000000,10.64851082,9.278524965
HCL,Technologies,44382946405,2469650000,12764390379,10.64721613,9.392635409
Tata,Motors,44325746437,2770680000,50928931451,10.64665606,9.44258637
CIBC,44055097344,5897300000,17448677708,10.64399617,9.770653221
Anglo,American,44047668517,3595000000,30652000000,10.64392293,9.555698895
TE,Connectivity,43763044352,2559000000,16024000000,10.64110753,9.408070286
Kering,43673761355,5247100000,21631840796,10.6402206,9.719919341
Ross,Stores,43566436352,2545870000,20376941000,10.63915204,9.405836223
Rolls-Royce,Holdings,43551396093,3089570000,20986676783,10.63900208,9.489898039
Adidas,43407558675,224585000,23214948889,10.63756536,8.351380746
Moderna,43257782272,-3904000000,6754000000,10.63606425,#NUM!
Sun,Pharmaceutical,43223158426,1271620000,5648148146,10.6357165,9.10435735
Axis,Bank,43177141281,4240620000,9212285934,10.63525388,9.627429357
Ferguson,43160641536,2301000000,29359000000,10.63508789,9.361916619
Datadog,42899709952,68228000,2128359000,10.63245436,7.833962641
Paychex,42810400768,2227000000,5212800000,10.63154929,9.347720217
Oil,&amp;,Natural,Gas,42690054978,9186320000,77520501781,10.63032671,9.96314157
Hikvision,42673100684,2359390000,12693837326,10.6301542,9.372799734
Dominion,Energy,42616733696,4189000000,16390000000,10.62958016,9.62211036
Bank,of,New,York,Mellon,42584383488,4088000000,17291000000,10.62925036,9.611510887
IQVIA,42549411840,2131000000,14984000000,10.62889356,9.32858345
MPLX,42510884864,4874000000,10434000000,10.62850014,9.687885525
Manulife,Financial,42322698240,4823520000,31580759285,10.62657335,9.683364084
ENGIE,42278789941,7094530000,91283582090,10.62612255,9.85092363
Fomento,Económico,Mexicano,42260685415,4360710000,41994732605,10.62593654,9.639557206
NTPC,Limited,42248929230,4579820000,21163222721,10.62581571,9.660848409
Lennar,42237337600,5348640000,35055867000,10.62569653,9.728243368
Waste,Connections,42169335808,1304590000,8194101000,10.62499676,9.115474045
Banco,Santander,Brasil,41994620928,2554220000,8320557102,10.62319367,9.407258301
Adani,Enterprises,41763902176,1088300000,13014531462,10.62080107,9.036748629
IDEXX,Laboratories,41600552960,1102760000,3660953000,10.6190991,9.042481005
Lloyds,Banking,Group,41600155648,8613350000,23597630590,10.61909496,9.935172095
Gazprom,41509825502,0,0,10.61815091,#NUM!
Ameriprise,Financial,41330290688,3558000000,15535000000,10.61626846,9.551205944
Takeda,Pharmaceutical,41293840384,2283430000,29348955701,10.61588527,9.358587703
Ares,Management,41264144384,2193940000,4986978000,10.61557284,9.341224746
Nordea,Bank,41238733481,7156790000,12880910716,10.61530532,9.854718274
Hoya,41226145809,1550810000,5471224102,10.61517273,9.190558593
Nucor,41209798656,6632170000,34713501000,10.61500049,9.82165565
Crown,Castle,41144475648,1527000000,6981000000,10.61431153,9.183839037
The,Trade,Desk,40994504704,267995000,1946120000,10.61272564,8.428126691
Kinder,Morgan,40892076032,4247000000,15288000000,10.61163916,9.628082261
Hong,Kong,Exchanges,&,Clearing,40792365818,2874400000,1971961435,10.61057889,9.458547204
Ametek,40782327808,1688210000,6596950000,10.61047201,9.227426468
L3Harris,Technologies,40699637760,1221000000,19419000000,10.60959054,9.086715664
Agilent,Technologies,40699482112,1332000000,6735000000,10.60958888,9.124504225
Jiangsu,Hengrui,Medicine,40672775327,673301000,3250725715,10.60930381,8.828209259
Coupang,40660393984,632000000,24383000000,10.60917158,8.800717078
Compagnie,de,Saint-Gobain,40611394353,4218910000,53006080708,10.6086479,9.625200261
Daikin,40537947920,2745670000,29965168901,10.60786176,9.438648339
Lonza,40491778678,1567440000,6736306560,10.60736685,9.195190925
Danone,40484242290,5503750000,16710456401,10.60728602,9.740658698
Dow,40455933952,656000000,44622000000,10.60698223,8.816903839
Chandra,Asri,Petrochemical,40317745394,60074000,2159932000,10.60549624,7.77868655
Samsung,Biologics,40275978583,912582000,2805443843,10.6050461,8.960271898
Emirates,Telecom,(Etisalat,Group),40259460828,0,0,10.60486795,#NUM!
Novatek,40150038620,0,0,10.60368597,#NUM!
The,Hershey,Company,40121532416,2333370000,11164992000,10.60337751,9.36798361
Yum!,Brands,40091230208,1818000000,7076000000,10.60304938,9.259593879
Kroger,39956258816,2836000000,150039000000,10.60158482,9.452706227
Givaudan,39902716495,1176320000,8224711243,10.60100246,9.070525481
Prudential,Financial,39756410880,3072000000,54520000000,10.59940717,9.487421211
Bank,Mandiri,39621000639,4900650000,8090666728,10.59792544,9.690253687
Old,Dominion,Freight,Line,39619518464,1648240000,5866152000,10.59790919,9.21702045
General,Mills,39563595776,3089100000,20173300000,10.59729576,9.489831967
Reckitt,Benckiser,39546998631,3749640000,14994697194,10.59711353,9.573989573
Cenovus,Energy,39368675328,3751730000,41397891684,10.5951508,9.574231576
Goodman,Group,39269877510,1323810000,1284687285,10.59405955,9.121825657
Haleon,39268892672,2573120000,14103118688,10.59404865,9.41046004
Fastenal,39050571776,1530900000,7382700000,10.5916274,9.184946823
Centene,39036936192,4323000000,153999000000,10.59147572,9.635785236
Cummins,39011876864,1626000000,34065000000,10.59119684,9.211120541
Bayan,Resources,39000001950,1637230000,3581375403,10.59106463,9.214109694
Kuwait,Finance,House,38877426272,2636700000,4660463819,10.58969751,9.421060719
CaixaBank,38839440780,7495820000,16591216750,10.58927297,9.874819149
Kotak,Mahindra,Bank,38716974271,2793540000,8004975662,10.58790141,9.446154894
Wanhua,Chemical,38641875374,3235460000,25020905858,10.5870582,9.509936035
Barclays,38565625856,7793440000,31479290043,10.58620038,9.891729196
Fidelity,National,Information,Services,38553485312,-5916000000,12255000000,10.58606365,#NUM!
Pernod,Ricard,38506518392,3193030000,13190527425,10.58553425,9.504202999
Alpha,Dhabi,38450017700,0,0,10.58489654,#NUM!
Adyen,38438081955,113336000,1324119767,10.58476171,8.054367881
Alcon,38310309888,1021000000,9455000000,10.58331566,9.009025742
Titan,Company,38184345551,620866000,5718633459,10.58188535,8.792997878
Generali,38160301237,4542810000,86321911708,10.58161179,9.657324573
Corteva,38148362240,1326000000,17226000000,10.5814759,9.122543524
Quanta,Services,38080335872,969956000,20882206000,10.58070077,8.986752034
MSCI,37847777280,1575730000,2616667000,10.57804038,9.197481804
Luzhou,Laojiao,37838741181,2416140000,4198326238,10.57793668,9.383122095
Imperial,Oil,37751889920,4796600000,36047590288,10.5769387,9.680933503
Sysco,37715603456,3274280000,77512288000,10.57652106,9.515115815
Ingersoll,Rand,37625511936,1031100000,6876100000,10.57548242,9.013300787
First,Abu,Dhabi,Bank,37544374465,0,0,10.57454487,#NUM!
Grayscale,Bitcoin,Trust,37471064064,0,0,10.57369603,#NUM!
UOB,37395699858,3187460000,7053246436,10.57282167,9.503444743
CoStar,Group,37371461632,162179000,2527034000,10.57254008,8.209994618
Otis,Worldwide,37367533568,2217000000,14300000000,10.57249443,9.345765693
Experian,37334990848,1174000000,6619000000,10.57211605,9.069668097
Exelon,Corporation,37311107072,4431000000,21728000000,10.57183814,9.64650175
Charter,Communications,37148934144,12042000000,54607000000,10.56994636,10.08069862
Cheniere,Energy,37041848320,14578000000,20394000000,10.56869265,10.16369795
B,Communications,37009563028,492297000,2481199703,10.56831396,8.692227189
Japan,Post,Bank,36938487197,3345720000,12389998934,10.56747911,9.524489592
TC,Energy,36934643712,4929480000,11897744424,10.56743391,9.692801109
Mitsubishi,Electric,36873797958,2492610000,36867873633,10.56671787,9.396654333
Daimler,Truck,36858810299,5785730000,60650854536,10.56654131,9.762358163
Haier,Smart,Home,36774242855,3074050000,36886290317,10.56554374,9.487710927
Humana,36773289984,3322000000,109243000000,10.56553249,9.521399628
QNB,Finansbank,36732298410,1507000000,2942294008,10.5650481,9.178113252
Ambev,36695056384,3029420000,16073767129,10.56460756,9.481359488
Baidu,36613328896,4015100000,18982442007,10.56363922,9.603696366
STMicroelectronics,36543594496,4817000000,17286000000,10.56281126,9.682776646
Royal,Caribbean,36435472384,3105970000,13900000000,10.5615244,9.492197257
Wolters,Kluwer,36415365282,1433940000,6173576562,10.56128467,9.15653098
Capgemini,36372765390,2547260000,24899944721,10.56077632,9.406073276
Diamondback,Energy,36335808512,4423000000,8339000000,10.56033483,9.645716939
Sea,(Garena),36265263104,820803000,12898516000,10.55949083,8.914238935
Martin,Marietta,36256534528,1658100000,6777200000,10.55938629,9.219610719
CITIC,Securities,36130103217,3694060000,8385796096,10.5578692,9.567503945
Kenvue,36100722688,2190000000,15444000000,10.5575159,9.340444115
Deutsche,Börse,35974708303,2825520000,6861143260,10.55599728,9.451098386
DMart,35929150210,402032000,5874094551,10.55544695,8.604260622
Exor,35925952775,10129900000,223325518427,10.55540829,10.00560516
GE,HealthCare,Technologies,35844567040,2903000000,19552000000,10.55442334,9.462847036
3i,Group,35196314612,5667180000,5836884352,10.54649719,9.753367007
QNB,(Qatar,National,Bank),35194857495,5995380000,10616022751,10.54647921,9.777816715
Vertiv,Holdings,34984411136,533700000,6863200000,10.54387457,8.727297203
Murata,Manufacturing,(Murata,Seisakusho),34930486598,1923670000,11226667544,10.54320464,9.284130572
Thales,34919493262,1554410000,18815717606,10.54306793,9.191565582
Naspers,34846130176,8121000,2531527000,10.54215455,6.90960951
Restaurant,Brands,International,34746249216,1453000000,7022000000,10.54090793,9.162265614
Arch,Capital,34720878592,3385000000,13294000000,10.54059071,9.529558673
E.ON,34699890321,69538900,101888903112,10.5403281,7.842227817
Deutsche,Bank,34586415104,8833860000,33939013379,10.53890555,9.946150512
Nasdaq,34482438144,1402000000,6064000000,10.53759797,9.146748014
UltraTech,Cement,34465678002,1167420000,8263481116,10.53738683,9.067227129
Woodside,Energy,34367373312,3273000000,13994000000,10.53614634,9.514946005
Adani,Ports,&,SEZ,34323589811,1390430000,3070423376,10.5355927,9.14314913
Vulcan,Materials,34238607360,1441300000,7782000000,10.53451609,9.158754387
Loblaw,Companies,34236925301,2781570000,44410545343,10.53449476,9.444289994
PSEG,34220519424,3081000000,11237000000,10.5342866,9.488691698
Adani,Green,Energy,34150433681,193853000,1099589376,10.53339622,8.287472526
Beiersdorf,34148063098,1085800000,7394350034,10.53336608,9.035749837
SMC,corp,34115253946,1824150000,5498051122,10.53294861,9.261060548
7-Eleven,33964751973,2009050000,81330531825,10.53102845,9.302990745
Partners,Group,33964059368,1222560000,1963520242,10.53101959,9.087270182
Electronic,Arts,33886613504,1510000000,7657000000,10.53002817,9.178976947
Halliburton,33831778304,3962000000,23145000000,10.52932483,9.597914471
NatWest,Group,33693747200,7710330000,18468030344,10.52754931,9.887072966
Powergrid,Corporation,of,India,33668968657,3303390000,5404273707,10.52722981,9.51895985
Las,Vegas,Sands,33639763968,2962000000,11211000000,10.52685294,9.471585054
Coal,India,33577126145,4883000000,15887935123,10.52604352,9.688686724
Kia,33533237289,9758440000,75811556406,10.52547548,9.989380396
Flutter,Entertainment,33290698752,-59389600,9324412770,10.52232291,#NUM!
Coca-Cola,European,Partners,33203968000,1567990000,13511781999,10.52118999,9.195343289
Asian,Paints,33071088462,899929000,4291683342,10.51944849,8.954208247
Devon,Energy,33029525504,4992000000,15258000000,10.51890233,9.698274577
CDW,Corporation,33018247168,1676800000,21376000000,10.51875401,9.224481265
Monolithic,Power,Systems,33012107264,505841000,1821072000,10.51867325,8.704014027
Baker,Hughes,32937553920,2729000000,26209000000,10.51769134,9.436003536
Muyuan,Foods,32929798676,2048520000,18066469724,10.51758908,9.311440208
ASM,International,32874606204,1184470000,2774049645,10.51686056,9.073524065
Cognizant,Technology,Solutions,32800219136,2787000000,19353000000,10.51587675,9.445136969
Gartner,32794265600,1147130000,5906956000,10.51579791,9.059612638
Gree,Electric,Appliances,32763548466,4621320000,27916038968,10.51539093,9.664766042
LyondellBasell,32725012480,3104000000,41107000000,10.51487982,9.491921713
EQT,32652118937,264677000,2304588170,10.51391137,8.422716203
Bank,of,China,(Hong,Kong),32652087717,4486070000,9018174825,10.51391095,9.651866046
Delta,Air,Lines,32525389824,7046000000,59037000000,10.51222251,9.847942639
Anta,Sports,32492605925,1646390000,7779002160,10.51178454,9.21653272
Veeva,Systems,32469059584,429332000,2363673000,10.51146971,8.63279326
Consolidated,Edison,32340469760,3003000000,14663000000,10.50974632,9.477555332
Sumitomo,32329128490,4974650000,48055610376,10.509594,9.696762531
Hapag-Lloyd,32310902382,3294310000,19453431631,10.50934909,9.517764465
WEG,ON,32275071002,1329970000,6560371108,10.50886721,9.123841845
BTG,Pactual,32262118440,2927910000,6476089048,10.50869288,9.466557723
Invest,Bank,32249936542,0,0,10.50852886,#NUM!
Xylem,32031817728,635000000,7364000000,10.50558158,8.802773725
Dubai,Electricity,and,Water,Authority,(DEWA),31996294996,2574980000,7943184450,10.50509969,9.41077386
Ashtead,31942842779,2158100000,10674900000,10.50437356,9.334071565
Discover,Financial,Services,31874371584,3837000000,15871000000,10.50344163,9.583991799
Trip.com,31824443392,1968830000,5536620199,10.50276082,9.294208218
Swiss,Re,31777709728,4372000000,43745000000,10.50212259,9.640680153
HubSpot,31767492608,-157702000,2170230000,10.50198294,#NUM!
Agnico,Eagle,Mines,31736166400,2359070000,6626909000,10.50155446,9.372740828
Kühne,+,Nagel,31647431399,1941320000,25457192325,10.50033847,9.288097129
Biogen,31628034048,1323300000,9663100000,10.5000722,9.121658312
Disco,Corp.,31600095852,714141000,1995637374,10.4996884,8.853783967
Hindustan,Aeronautics,31597999089,887690000,3405727444,10.49965958,8.948261327
Rockwell,Automation,31568949248,1400200000,9129100000,10.49926013,9.146190073
Henkel,31515624620,3251390000,22494502907,10.49852592,9.512069066
Ryanair,31489181696,1835220000,12678255541,10.49816137,9.263688133
Global,Payments,31448154112,1830100000,9654419000,10.49759516,9.262474821
Verisk,Analytics,31296897024,1027200000,2681400000,10.49550128,9.011655011
ResMed,31296335872,1215230000,4504077000,10.49549349,9.084658482
Shanghai,Pudong,Development,Bank,31218843419,6093000000,25217626824,10.49441681,9.784831178
Kuaishou,Technology,31029680314,962654000,16004010650,10.4917773,8.98347022
Mahindra,&amp;,Mahindra,30980818542,2716410000,16228162425,10.49109289,9.433995321
Bajaj,Finserv,30855675929,4485110000,12076386494,10.48933506,9.651773099
Japan,Post,Holdings,30839075828,4265480000,78615665234,10.48910135,9.62996791
Dollar,General,30830827520,2119520000,38691609000,10.48898518,9.326237519
China,State,Construction,Engineering,30814301466,13112100000,319498062907,10.48875233,10.11767225
ON,Semiconductor,30778798080,2535800000,8253000000,10.48825166,9.404114998
Cloudflare,30771269632,-171990000,1296745000,10.48814542,#NUM!
Quanta,Computer,30767998037,1945150000,34912613790,10.48809924,9.288953098
Banco,do,Brasil,30753192936,10640800000,28923557981,10.48789021,10.02697428
DSV,30750977948,2447620000,21504886700,10.48785893,9.388743993
Dupont,De,Nemours,30609285120,504000000,12068000000,10.48585319,8.702430536
China,Pacific,Insurance,30565565479,43811300000,45821565824,10.48523243,10.64158614
PPG,Industries,30499069952,1933000000,18177000000,10.4842866,9.286231854
Bridgestone,30427092577,3941800000,30390332401,10.48326046,9.595694585
Assa,Abloy,30426900480,1901980000,13519817446,10.48325771,9.279205946
Mitsubishi,Heavy,Industries,30335293686,2320900000,32001454122,10.4819482,9.365656429
Foshan,Haitian,Flavouring,and,Food,30154863345,995842000,3579568461,10.47935736,8.998190439
DSM-Firmenich,30128457515,-529574000,11749032615,10.4789769,#NUM!
Marubeni,30110951296,3775010000,51066914467,10.47872448,9.576918106
Hannover,Rück,30094309547,2669960000,28435386524,10.47848438,9.426504755
VICI,Properties,30058078208,3366540000,3611988000,10.47796121,9.527183779
Sun,Life,Financial,29888684032,3340390000,24593039889,10.47550679,9.523797175
Extra,Space,Storage,29886298112,1309830000,2560244000,10.47547212,9.117214933
Xcel,Energy,29882320896,2645000000,14206000000,10.47541433,9.422425676
Bajaj,Auto,29811243628,1210140000,5277853190,10.47438009,9.082835616
Renesas,Electronics,29789287926,3036440000,10349551234,10.47406012,9.482364704
KBC,29770518528,4528670000,11684212798,10.4737864,9.655970675
Tractor,Supply,29744979968,1432400000,14555741000,10.47341368,9.156064312
Toyota,Industries,29715731293,2510790000,26356646314,10.47298642,9.39981039
Intact,Financial,29699332124,1350290000,17397860160,10.47274668,9.130427051
BCE,29696421888,2475170000,18423813217,10.47270412,9.393605033
Hexagon,29594306560,1324050000,5897782271,10.47120817,9.121904386
Barrick,Gold,29503436800,3143000000,11397000000,10.46987261,9.497344381
Chunghwa,Telecom,29493825536,1512290000,7129285486,10.46973111,9.17963508
Orange,29467144192,-6691920000,53322441152,10.46933805,#NUM!
Banorte,29250426661,4288620000,11725412767,10.46613221,9.632317567
Emirates,NBD,Bank,PJSC,29241127951,7881900000,11754262482,10.46599412,9.896630921
Archer,Daniels,Midland,(ADM),29202665472,4941000000,93935000000,10.46542249,9.693814854
Corning,29081968640,816000000,12588000000,10.4636238,8.911690159
Dr.,Sulaiman,Al,Habib,Medical,Services,Group,Company,29000934424,597736000,2537218436,10.46241199,8.776509413
Nestlé,India,28993391611,501874000,2267241862,10.46229902,8.700594697
Luxshare,Precision,28951586682,2082770000,32720426443,10.46167237,9.318641314
Banco,Bradesco,28938407936,1787570000,20167243714,10.46147463,9.252263057
Ping,An,Bank,28922820311,8052210000,22041311343,10.46124064,9.905915093
Bayer,28896682877,612179000,51734351754,10.46084799,8.786878428
Wipro,28865769472,1999170000,11125092660,10.46038314,9.300849726
Ahold,Delhaize,28862491002,2497940000,96191422248,10.46033381,9.397582003
Singtel,28850863972,1143640000,12035185178,10.46015882,9.058289337
Mitsui,Fudosan,28774892811,2283150000,16527622169,10.45901371,9.358534445
MS&amp;AD,Insurance,28736892557,3457490000,44758094178,10.4584398,9.538760933
Jio,Financial,Services,28725462863,5339800,2580983,10.45826704,6.727524991
Ansys,28712970240,592138000,2269949000,10.45807812,8.772422932
Wabtec,28672260096,1439000000,9980000000,10.45746193,9.158060794
The,People's,Insurance,Company,(PICC),28665206148,2864860000,80561797416,10.45735507,9.457103404
Komatsu,28643818309,3993550000,26823692752,10.45703091,9.601359126
The,Hartford,28618733568,3545000000,24841000000,10.45665041,9.54961624
Swisscom,28597577033,2480120000,12433372063,10.45632924,9.394472695
Indian,Oil,28595673577,5391240000,94876813194,10.45630033,9.731688666
Fujitsu,28525701020,1741380000,26313169099,10.45523633,9.240893552
East,Money,Information,28454716694,1296970000,495939548,10.45415427,9.112929931
Adani,Power,28329650027,2561660000,5713442616,10.45224121,9.408521487
Celltrion,28326514124,513083000,1649994830,10.45219313,8.710187625
FICO,28286441472,566311000,1550746000,10.45157832,8.753054997
Amadeus,IT,Group,27920683220,1467490000,5901534907,10.44592604,9.16657515
Garmin,27887951872,1200360000,5228251000,10.44541662,9.079311515
Fanuc,27862945138,1325570000,5734461959,10.44502702,9.122402667
CITIC,limited,27788978370,18955500000,125938647947,10.44387258,10.27773524
Publicis,Groupe,27738887821,-243707000,5976702733,10.44308904,#NUM!
Equifax,27687628800,732200000,5352600000,10.44228576,8.864629725
Chocoladefabriken,Lindt,&amp;,Sprüngli,27681646916,936654000,6186314984,10.44219192,8.971579192
Telstra,27668439911,1895220000,14804983318,10.44198467,9.277659631
Jardine,Matheson,27664770000,3223000000,37724000000,10.44192706,9.508260306
Great-West,Lifeco,27640737525,2270880000,20395011498,10.44154963,9.356194185
Michelin,27632902888,2844510000,30619129727,10.44142651,9.454007465
Fubon,Financial,27610724884,2365410000,5493737633,10.44107781,9.373906429
Aena,27591383085,2603750000,5470791523,10.44077347,9.415599283
HP,27583381504,3705000000,53111000000,10.44064751,9.568788212
Howmet,Aerospace,27578103808,975000000,6640000000,10.4405644,8.989004616
National,Bank,of,Canada,27530224072,2979070000,7618965058,10.43980975,9.474080708
Antofagasta,27378736197,2558900000,5862000000,10.4374134,9.408053314
Legrand,27344343222,1811190000,9134066132,10.4368675,9.257964012
Coloplast,27344009794,1002190000,3639302121,10.4368622,9.000950065
Edison,International,27331514368,3127000000,16338000000,10.4366637,9.495127881
Skandinaviska,Enskilda,Banken,27300557438,4574820000,7709998488,10.43617151,9.660374011
Vestas,Wind,Systems,27247311615,371022000,16685359286,10.43532366,8.569399662
Blue,Owl,Capital,27247214592,322080000,1731608000,10.43532211,8.507963758
AvalonBay,Communities,26993633280,938591000,2767908000,10.43126134,8.972476386
GlobalFoundries,26991001600,1911000000,7639000000,10.431219,9.281260687
CBRE,Group,26983886848,1237210000,31948998000,10.43110451,9.092443422
Nidec,26977835020,1318540000,16177509401,10.43100709,9.120093309
Sun,Hung,Kai,Properties,26960948185,3638570000,9082385059,10.43073516,9.560930734
Canon,26922133365,2860290000,30041803703,10.43010947,9.456410068
Fortive,26879174656,1154400000,6129100000,10.42941593,9.062356318
MongoDB,26800025600,-163516000,1683011000,10.42813521,#NUM!
Mettler-Toledo,26698942464,1051090000,3788309000,10.42649406,9.021639904
Schindler,Group,26668255374,1268600000,12565218426,10.42599461,9.103324707
Maybank,26667982848,2727970000,5657695095,10.42599017,9.43583959
West,Pharmaceutical,26632855552,667500000,2928600000,10.42541773,8.82445127
Vistra,26632468480,2000000000,14778000000,10.42541142,9.301029996
DNB,26576184504,4666240000,7635549399,10.42449263,9.668967072
DLF,26480290249,211226000,694228772,10.42292274,8.324747375
Splunk,26443769856,120539000,3980553000,10.42232337,8.081127584
Verbund,AG,26403446492,3997860000,11286683364,10.42166062,9.601827582
Ferrovial,26347435481,717755000,9233647173,10.42073835,8.855976227
Nutrien,26345564160,1952000000,29056000000,10.4207075,9.290479813
Li,Auto,26195845120,1468650000,17430546648,10.41823241,9.16691831
eBay,26183155712,3970000000,10112000000,10.41802199,9.598790507
Church,&,Dwight,26162468864,967400000,5867900000,10.41767872,8.985606083
Snap,26125379584,-1270750000,4812280000,10.41706261,#NUM!
Zscaler,26123995136,-101692000,1895508000,10.41703959,#NUM!
Keysight,26061211648,1334000000,5342000000,10.4159946,9.12515583
RWE,26017294544,4294410000,31039114385,10.41526213,9.632903505
PTT,PCL,26011904376,7954920000,89359984126,10.41517215,9.900635816
Great,Wall,Motors,25983404520,1227890000,24383732315,10.41469605,9.089159462
Novozymes,25975616679,568080000,2605353646,10.41456587,8.7544095
H&amp;M,25964890028,1335610000,22172965428,10.41438649,9.125679662
WEC,Energy,Group,25957328896,1536300000,8893000000,10.41426,9.186476031
China,Resources,Land,25943755724,8048450000,30022346127,10.41403285,9.90571225
Fairfax,Financial,25943627534,5908300000,25803100000,10.4140307,9.771462539
CRRC,25932575782,2454300000,32972434576,10.41384566,9.389927647
Fujifilm,25892260375,2164010000,20612919626,10.41316997,9.335259263
Teck,Resources,25820311552,2938260000,11209369384,10.41196148,9.468090223
JSW,Steel,25785902007,1890480000,20978857823,10.41138233,9.276572087
Dollar,Tree,25724174336,-881900000,30603800000,10.41034144,#NUM!
Targa,Resources,25706131456,1942400000,16060300000,10.41003672,9.288338669
Willis,Towers,Watson,25702846464,1514000000,9483000000,10.40998122,9.180125875
Techtronic,Industries,25666115603,1156900000,13253917000,10.40936015,9.063295821
Delta,Electronics,25559119254,1599290000,12893685054,10.40754588,9.203927222
Raymond,James,25546356736,2258000000,11689000000,10.40732897,9.353723938
Tesco,25541128192,1206160000,79319245429,10.40724008,9.081404922
DiDi,25534259200,-56405900,24556356024,10.40712326,#NUM!
Terumo,25466789071,910143000,6229866522,10.40597419,8.959109633
Sandvik,25458252368,1871730000,11727133117,10.40582859,9.272243201
KONE,25434880137,1355800000,11865765972,10.4054297,9.13219563
Woolworths,Group,25426544048,1537100000,42560768946,10.40528734,9.186702123
Hang,Seng,Bank,25318334754,2574920000,5269467213,10.40343514,9.410763741
Telefónica,25307512832,-1664580000,44095665732,10.40324947,#NUM!
Transurban,25300753606,43690100,2751813801,10.40313346,7.640383039
Nornickel,25288310361,0,0,10.40291981,#NUM!
HEICO,25247178752,679083000,3243553000,10.40221285,8.831922859
UCB,25163911450,487562000,5806522941,10.40077815,8.68802985
Yili,Group,25158037549,2013650000,17990420720,10.40067676,9.303983986
Airports,of,Thailand,25152236892,552872000,1561368871,10.40057661,8.742624596
Fifth,Third,Bank,25082222592,2989000000,8526000000,10.39936602,9.475525915
Associated,British,Foods,25035553349,1633870000,24081254420,10.39855719,9.213217499
Danske,Bank,24988322178,3885340000,8228446124,10.3977371,9.589429029
ICON,plc,24983322624,708919000,8231984000,10.3976502,8.850596616
Siemens,India,24949582770,329055000,2432148079,10.39706329,8.517268494
Cardinal,Health,24926517248,1194000000,216148000000,10.3966616,9.077004327
COSCO,Shipping,24888748010,4658580000,24774842050,10.39600305,9.668253558
Dover,24882386944,1916050000,8453052000,10.39589204,9.282406838
Klabin,24875912187,986122000,3567982681,10.39577902,8.993930648
Zimmer,Biomet,24790923264,1067300000,7394300000,10.3942927,9.028286509
Tata,Steel,24702902014,953242000,28190907720,10.39274798,8.979203169
Naturgy,24688955026,554188000,18558655532,10.39250271,8.743657118
T.,Rowe,Price,24676884480,2490300000,6460500000,10.39229033,9.396251669
Indian,Railway,Finance,24645865529,1353320000,3189462095,10.39174407,9.1314005
Equity,Residential,24536365056,1075260000,2873964000,10.38981022,9.03151349
Take,2,Interactive,24525955072,-1611100000,5396400000,10.38962593,#NUM!
S.F.,Express,24511161943,1477680000,36458940759,10.3893639,9.169580395
Philips,24445687808,-248982000,19722157840,10.38820226,#NUM!
Prudential,24424032256,0,129287114544,10.38781736,#NUM!
First,Citizens,BancShares,24328108032,12077000000,8777000000,10.38610834,10.08195907
M&T,Bank,24259182592,3619000000,9398000000,10.38487616,9.558588583
Rocket,Companies,24245059584,-402897000,3645883000,10.38462326,#NUM!
Rheinmetall,24228270280,884733000,7457433116,10.38432241,8.946812226
Ecopetrol,24166281216,8628760000,34251231175,10.38320982,9.93594839
Ørsted,24147439616,-2680600000,9368789308,10.38287109,#NUM!
China,Everbright,Bank,24074379747,7021690000,20556673024,10.38155511,9.846441652
Cheniere,Energy,23960029184,14578000000,20394000000,10.37948734,10.16369795
AppLovin,23872772096,380570000,3283087000,10.37790285,8.58043455
ORIX,23844927488,2772210000,12094185939,10.37739601,9.442826126
PulteGroup,23785474048,3616260000,16435098000,10.37631181,9.558259648
American,Water,Works,23764387840,1656000000,4234000000,10.37592663,9.219060332
SAIC,Motor,23759454626,3654040000,104934709352,10.37583647,9.562773297
Evolution,Gaming,23715881022,1294300000,2024285823,10.37503926,9.112034951
Telus,23706945536,814921000,14936735168,10.3748756,8.911115509
CGI,23659106304,1648510000,10787658467,10.37399834,9.217091586
Vonovia,23656055260,-9197110000,5659184486,10.37394233,#NUM!
Wheaton,Precious,Metals,23633969152,539059000,1016046000,10.37353666,8.731636301
Delta,Electronics,(Thailand),23560872189,552543000,4153540536,10.37219136,8.742366081
Dollarama,23548664885,1128200000,4345165708,10.37196629,9.052386095
Cellnex,Telecom,23542707274,343294000,4118383635,10.3718564,8.535666213
Advantest,23491957732,700256000,3528569632,10.37091921,8.845256839
Uniper,23473315880,8036270000,117386524713,10.37057444,9.90505452
SMIC,23460381725,1396870000,6321560000,10.37033507,9.14515599
Mitsubishi,Estate,23448141589,1600940000,9937329839,10.37010843,9.204375056
Cemex,23445491712,1400780000,17517334000,10.37005935,9.146369932
National,Bank,of,Kuwait,23407119142,2149710000,3894153749,10.36934797,9.332379877
Axon,Enterprise,23371737088,161995000,1563391000,10.36869099,8.20950161
Otsuka,Holdings,23298898279,1050820000,14195842101,10.36733539,9.02152833
Kaspi.kz,Joint,Stock,Company,23295026382,2329740000,4497512077,10.36726321,9.367307456
Franco-Nevada,23289311232,-364100000,1219000000,10.36715664,#NUM!
China,Unicom,23281651408,2874540000,50718682162,10.36701378,9.458568356
Brown,&amp;,Brown,23150809088,1215800000,4321500000,10.36456617,9.084862139
Pinterest,23132669952,-125678000,3055071000,10.36422576,#NUM!
Varun,Beverages,23055299921,332478000,1893888661,10.36277078,8.521762913
Brown,Forman,23000578048,1342000000,4260000000,10.36173875,9.127752516
Roblox,22947221504,-1119210000,2799274000,10.36073011,#NUM!
Western,Digital,22895761408,-2200000000,11257000000,10.35975509,#NUM!
NVR,22889113600,1956110000,9534889000,10.35962897,9.291393273
Symbotic,22866460672,-157629000,1339029000,10.35919895,#NUM!
Vodafone,22842064896,-7808360000,69899738200,10.35873536,#NUM!
Broadridge,Financial,Solutions,22837168128,1023900000,6320800000,10.35864225,9.010257543
SSE,22833125244,-254682000,15472574571,10.35856536,#NUM!
Entergy,22790352896,2678180000,12147412000,10.35775105,9.427839763
Maersk,22785093131,-4693000000,51065000000,10.35765081,#NUM!
DTE,Energy,22750652416,1405000000,12206000000,10.35699386,9.147676324
Cathay,Financial,Holding,22743296478,1842800000,8782805983,10.35685341,9.265478204
Iron,Mountain,22673907712,825609000,5480289000,10.35552637,8.916774419
Central,Japan,Railway,22664171842,3528320000,11646672296,10.35533985,9.547567966
Builders,FirstSource,22636597248,1984200000,17097330000,10.35481114,9.297585445
Suzuki,Motor,22616103958,3158680000,35742613953,10.35441779,9.499505631
Toyota,Tsusho,22586396853,3619520000,71794234526,10.35384695,9.558650981
BOE,Technology,22487399834,253699000,24609996840,10.35193924,8.404318755
China,Minsheng,Bank,22399430545,5298980000,19882087473,10.35023698,9.72419228
Hewlett,Packard,Enterprise,22370072576,2090000000,28081000000,10.34966739,9.320146286
The,Saudi,British,Bank,22365060388,2194250000,3390686346,10.34957008,9.341286107
Weyerhaeuser,22344372224,1217000000,7674000000,10.34916816,9.085290578
Argenx,22333614080,-304496000,1226316000,10.34895901,#NUM!
Mobileye,22284224512,8000000,2079000000,10.34799753,6.903089987
Veolia,22276020701,-14382400000,46849260997,10.34783761,#NUM!
Tradeweb,22177269760,561924000,1417709000,10.34590808,8.749677581
Standard,Chartered,22141158123,5093000000,17718000000,10.34520033,9.706973676
Riyad,Bank,22131921116,2393730000,4200172294,10.34501911,9.379075163
Ball,Corporation,22122399744,814000000,14029000000,10.34483224,8.910624405
LG,Chem,22113951202,2086360000,43131895095,10.34466635,9.319389248
Alinma,Bank,22100591114,1439760000,2584650772,10.34440389,9.158290104
NTT,Data,22087457390,2099300000,30048545390,10.34414572,9.322074506
ASE,Group,22073157632,1628170000,19261831157,10.34386446,9.211699748
FirstEnergy,22051700736,1466000000,12926000000,10.34344209,9.16613397
State,Street,Corporation,22035419136,2316000000,11945000000,10.34312132,9.364738555
Genuine,Parts,Company,22034315264,1663120000,23109123000,10.34309956,9.220923586
Shenzhen,Inovance,22002490374,734447000,4484441256,10.34247184,8.865960461
Dai-ichi,Life,Holdings,21962500923,2876080000,64460644867,10.34168179,9.458800962
Epiroc,21957992406,1120890000,5708940989,10.34159263,9.049562995
POSCO,21910026240,1798210000,59647393280,10.3406429,9.254840408
Rollins,21900982272,594406000,3163612000,10.34046359,8.774083185
International,Flavors,&,Fragrances,21843818496,-2518000000,11479000000,10.33932856,#NUM!
Align,Technology,21808787456,656654000,3862260000,10.33863152,8.817336594
Swedbank,21800129826,4197400000,6877351297,10.33845908,9.622980358
Fleetcor,21790322688,1325010000,3757719000,10.33826366,9.122219156
Tencent,Music,21716992000,852584000,3916316589,10.33679967,8.930737178
Société,Générale,21657939175,5573130000,59693857617,10.33561713,9.746099174
Hindustan,Zinc,21635369042,1357960000,3386307368,10.33516431,9.132886978
Tyson,Foods,21591904256,-575000000,52940000000,10.33429095,#NUM!
BioNTech,21544916992,1007330000,4155844142,10.33334483,9.003171768
Straumann,21542575396,411082000,2868621091,10.33329762,8.613928461
China,Tourism,Group,Duty,Free,21223840751,1212500000,9139415385,10.32682398,9.083681747
Sungrow,Power,Supply,21201481240,1743730000,10097852793,10.3263662,9.241479239
Deckers,Brands,21185120256,929592000,4119576000,10.32603093,8.968292378
PTC,21149345792,331741000,2181357000,10.32529694,8.520799149
NetApp,21120620544,1261000000,6181000000,10.32470667,9.100715087
Formosa,Petrochemical,21115505888,774261000,22912935089,10.32460149,8.888887384
Invitation,Homes,21093982208,521028000,2432278000,10.32415858,8.716861063
CTBC,Financial,Holding,21065951480,2141970000,4198296447,10.32358108,9.330813384
Eversource,Energy,21043619840,580404000,11910648000,10.32312045,8.763730397
Prada,21040427079,761435000,5071162537,10.32305455,8.881632836
Coca-Cola,FEMSA,21029308416,2037380000,14813935532,10.32282499,9.309072039
Coterra,Energy,21009823744,2219000000,5914000000,10.32242241,9.346157302
KB,Financial,Group,20962033664,4762670000,13685305935,10.32143341,9.677850491
Bank,of,Ningbo,20915564643,3937740000,8655211411,10.32046959,9.595247037
East,Japan,Railway,20827087251,2512670000,18898730744,10.31862854,9.400135455
Nippon,Steel,20763342843,5329650000,60926242180,10.31729728,9.72669869
Yankuang,Energy,(Yanzhou,Coal,Mining),20732055968,5858510000,21167532489,10.31664237,9.767787176
China,Tower,20707327238,1761810000,13344857418,10.31612405,9.245959071
Saudi,Electricity,20696788053,2827410000,20100540836,10.31590295,9.45138879
Live,Nation,20689885184,1244790000,22749073000,10.31575808,9.095096091
Pembina,Pipeline,20678305792,1988300000,6872842092,10.31551495,9.298481913
SBA,Communications,20667658240,548501000,2711584000,10.31529127,8.739177424
W.,R.,Berkley,20665735168,1881860000,12111139000,10.31525086,9.274587311
Baxter,20600539136,-47000000,14949000000,10.31387859,#NUM!
Alexandria,Real,Estate,Equities,20566241280,479741000,2966858000,10.31315493,8.681006836
MTR,Corporation,20552241158,1506430000,6130333045,10.31285919,9.177948956
Steel,Dynamics,20552062976,3295430000,18795316000,10.31285542,9.517912091
Panasonic,20543210462,3175830000,59640274803,10.31266832,9.501857247
SM,Investments,Corporation,20515248128,2649780000,10317058730,10.31207677,9.423209818
Bharat,Electronics,20491963884,577499000,2234968186,10.31158358,8.761551237
Bank,of,Jiangsu,20481588702,5481920000,10649364544,10.31136364,9.738932693
Samsung,SDI,20462656952,1885530000,17246331106,10.31096202,9.275433447
Entegris,20459124736,172670000,3523926000,10.31088705,8.237216889
China,Railway,Group,20442589307,8148610000,178169191889,10.3105359,9.911083533
McCormick,&,Company,20439973888,833500000,6699400000,10.31048034,8.920905604
ArcelorMittal,20438894592,2218000000,68275000000,10.3104574,9.345961542
China,Overseas,Land,&amp;,Investment,20406715437,5220740000,26145307167,10.30977311,9.717732065
Sampo,20386008018,1706780000,9517809494,10.30933219,9.232177545
Industries,Qatar,20360576844,1306140000,3227244185,10.30879008,9.11598973
LPL,Financial,20325314560,1631580000,10052848000,10.30803728,9.212608373
Rogers,Communication,20297304064,2376580000,15213864346,10.30743836,9.375952438
Weichai,Power,20224356248,1852970000,30196812091,10.30587471,9.267868388
Nokia,20214538240,1994140000,22815775982,10.30566383,9.299755645
PPL,20195139584,924000000,8312000000,10.30524686,8.965671971
WiseTech,Global,20188274253,199253000,540764179,10.3050992,8.299404869
Steris,20183746560,682478000,5407384000,10.30500178,8.834088656
Naver,20172503446,1120910000,7348890969,10.3047598,9.049570744
DraftKings,20159191040,-788574000,3665393000,10.3044731,#NUM!
Zomato,20107360594,-1519330,1282738597,10.30335507,#NUM!
Borouge,20053194014,0,0,10.30218356,#NUM!
Hubbell,20040595456,983300000,5372900000,10.30191062,8.992686039
China,Securities,20035403291,1185500000,3280870676,10.30179809,9.073901558
Molina,Healthcare,19959500800,1544000000,35854000000,10.30014968,9.188647296
CLP,Group,19934239262,1363090000,11164062500,10.29959967,9.134524532
ČEZ,Group,19913217700,4189400000,15831818512,10.29914144,9.622151828
Illumina,19911653376,-1040000000,4504000000,10.29910732,#NUM!
Cameco,19875127296,361984000,1932768488,10.29830992,8.558689375
Lasertec,19871034645,538352000,1344282554,10.29822048,8.731066331
Imperial,Brands,19848159723,3793250000,39596898091,10.29772025,9.579011466
Erie,Indemnity,19834081280,610090000,3648265000,10.29741209,8.785393907
Kellogg's,19832274944,1040000000,13122000000,10.29737253,9.017033339
Galaxy,Entertainment,19827051356,-429822000,1471140558,10.29725813,#NUM!
YANGHE,19782614076,1977860000,4830604073,10.29628368,9.296195547
Samsara,19777538048,-249920000,937385000,10.29617223,#NUM!
Emaar,Properties,19760494652,4283470000,7284504611,10.29579781,9.63179573
Carnival,Corporation,19754799104,410000000,22568000000,10.29567262,8.612783857
EnBW,Energie,19742889038,3075570000,48288208081,10.2954107,9.487925616
Ameren,19689832448,1906000000,7500000000,10.29424202,9.280122896
MicroStrategy,19643582464,-124525000,496261000,10.29322069,#NUM!
Huntington,Bancshares,19642556416,2384000000,7417000000,10.29319801,9.377306251
Talanx,19639132340,3065490000,14823006260,10.2931223,9.486499904
Tyler,Technologies,19627937792,244462000,1992256000,10.29287467,8.388211361
Grasim,Industries,19622138619,1596500000,15250904429,10.29274634,9.203168923
Sompo,Holdings,19620494048,3482080000,32722593136,10.29270994,9.541838745
United,Microelectronics,19582904320,2247180000,7156261131,10.2918771,9.351637861
ULTA,Beauty,19558959104,1695650000,11207303000,10.29134574,9.229336214
Elm,Company,19519200000,394688000,1573943474,10.29046201,8.596253922
NEC,Corp,19512806630,1458690000,24339634131,10.29031974,9.163963006
FirstRand,19505258000,2715170000,7029200779,10.2901517,9.433797026
Hormel,Foods,19448399872,1091200000,12135929000,10.28888388,9.037904357
Tenaris,19405582336,4632790000,14868860000,10.28792668,9.665842614
Aptiv,19392931840,1622000000,20051000000,10.28764347,9.21005085
Freddie,Mac,19392286720,13199000000,21229000000,10.28762902,10.12054103
Endesa,19387392329,1144930000,27188946536,10.2875194,9.058778935
Itaúsa,19366290571,3183290000,-966672770,10.28704644,9.502876205
Fortis,19340365824,1544080000,8594545677,10.28646468,9.188669798
Polyus,19331419901,0,0,10.28626375,#NUM!
Kaō,19315473734,466358000,10785519924,10.28590536,8.668719431
WSP,Global,19293505113,742483000,10780589836,10.28541113,8.870686514
Telkom,Indonesia,19287410688,2930790000,9756835427,10.28527393,9.466984701
Ajinomoto,19191235072,1099270000,9864280072,10.28310293,9.041104376
Inpex,19169617461,8948400000,15296676254,10.28261345,9.951745389
Erste,Group,Bank,19155082963,5196250000,11190345920,10.28228404,9.715690038
PKN,Orlen,19147886647,10066100000,84472942806,10.28212085,10.00286124
Westlake,Chemical,19125008384,700000000,12548000000,10.28160163,8.84509804
Sany,Heavy,Industry,19117411817,903525000,11046528956,10.2814291,8.955940174
Repsol,19092947051,6470790000,81171240036,10.28087297,9.810957306
Cboe,19065837568,1110000000,3773500000,10.28025589,9.045322979
Carlsberg,19062609947,-264781000,9708222870,10.28018236,#NUM!
Booz,Allen,Hamilton,19060336640,559141000,10323830000,10.28013057,8.747521339
LONGi,Green,Energy,Technology,19050822114,2452760000,19327220412,10.27991372,9.389655055
Kubota,19045902963,2424580000,21314142848,10.27980157,9.384636518
First,Solar,19040454656,891290000,3318602000,10.27967731,8.950019034
Seres,Group,19008845978,-635230000,3940961097,10.27895575,#NUM!
KE,Holdings,19007186944,925322000,10552775282,10.27891785,8.966292888
Markel,18991175680,2653710000,15713585000,10.27855185,9.423853461
Zoom,18974914560,832312000,4527224000,10.27817983,8.920286156
Trent,Limited,18963911421,128575000,1351281308,10.27792792,8.109156533
Ems-Chemie,18906930964,656580000,2643330808,10.27662104,8.81728765
Swiss,Life,18896652268,2418270000,23034206538,10.27638487,9.383504788
Bolloré,18867877800,-189455000,22144302957,10.27572305,#NUM!
Principal,18854049792,738800000,13665800000,10.27540465,8.868526887
PKO,Bank,Polski,18835629270,2029100000,5830325408,10.27498013,9.307303451
CK,Hutchison,Holdings,18734346096,6658720000,33656697759,10.27263854,9.823390753
UPM-Kymmene,18728366170,606717000,11157610712,10.27249989,8.782986164
Moncler,18723617725,276329000,971828410,10.27238977,8.441426465
Carlisle,Companies,18703222784,1044700000,5092000000,10.27191645,9.018991595
Domino's,Pizza,18660206592,889411000,4482321000,10.27091645,8.949102496
Budweiser,APAC,18629276429,974000000,6124000000,10.27019599,8.988558957